cohort_week,dimension,segment,horizon,eligible_users,returned_users,retention,publishable
2020-11-02,source_medium,(data deleted) / referral,30,1,0,0.0,False
2020-12-28,source_medium,google / <Other>,30,1,0,0.0,False
2020-12-28,source_medium,google / <Other>,7,1,0,0.0,False
2020-12-28,source_medium,google / <Other>,1,1,0,0.0,False
2020-11-02,source_medium,(data deleted) / referral,1,1,0,0.0,False
2020-11-02,source_medium,(data deleted) / referral,14,1,0,0.0,False
2020-11-02,source_medium,(data deleted) / referral,7,1,0,0.0,False
2020-12-28,source_medium,google / <Other>,14,1,0,0.0,False
2020-12-28,source_medium,(data deleted) / (data deleted),30,45,0,0.0,False
2020-12-28,source_medium,(data deleted) / (data deleted),7,69,1,0.014492753623188406,False
2020-12-28,source_medium,(data deleted) / (data deleted),14,69,0,0.0,False
2020-12-28,source_medium,(data deleted) / (data deleted),1,69,4,0.057971014492753624,False
2021-01-11,source_medium,(data deleted) / (data deleted),14,88,1,0.011363636363636364,False
2021-01-11,source_medium,(data deleted) / (data deleted),1,88,6,0.06818181818181818,False
2021-01-11,source_medium,(data deleted) / (data deleted),7,88,1,0.011363636363636364,False
2020-10-26,source_medium,(data deleted) / (data deleted),30,91,1,0.01098901098901099,False
2020-10-26,source_medium,(data deleted) / (data deleted),7,91,0,0.0,False
2020-10-26,source_medium,(data deleted) / (data deleted),1,91,16,0.17582417582417584,False
2020-10-26,source_medium,(data deleted) / (data deleted),14,91,0,0.0,False
2020-12-21,source_medium,(data deleted) / (data deleted),7,92,0,0.0,False
2020-12-21,source_medium,(data deleted) / (data deleted),14,92,1,0.010869565217391304,False
2020-12-21,source_medium,(data deleted) / (data deleted),1,92,6,0.06521739130434782,False
2020-12-21,source_medium,(data deleted) / (data deleted),30,92,0,0.0,False
2021-01-18,source_medium,(data deleted) / (data deleted),7,105,3,0.02857142857142857,True
2021-01-18,source_medium,(data deleted) / (data deleted),1,105,10,0.09523809523809523,True
2021-01-04,source_medium,(data deleted) / (data deleted),1,111,11,0.0990990990990991,True
2021-01-04,source_medium,(data deleted) / (data deleted),7,111,1,0.009009009009009009,True
2021-01-04,source_medium,(data deleted) / (data deleted),14,111,0,0.0,True
2021-01-25,source_medium,(data deleted) / (data deleted),1,147,14,0.09523809523809523,True
2020-12-14,source_medium,(data deleted) / (data deleted),14,170,0,0.0,True
2020-12-14,source_medium,(data deleted) / (data deleted),1,170,12,0.07058823529411765,True
2020-12-14,source_medium,(data deleted) / (data deleted),30,170,1,0.0058823529411764705,True
2020-12-14,source_medium,(data deleted) / (data deleted),7,170,2,0.011764705882352941,True
2020-11-30,source_medium,(data deleted) / (data deleted),14,205,3,0.014634146341463415,True
2020-11-30,source_medium,(data deleted) / (data deleted),7,205,5,0.024390243902439025,True
2020-11-30,source_medium,(data deleted) / (data deleted),30,205,2,0.00975609756097561,True
2020-11-30,source_medium,(data deleted) / (data deleted),1,205,22,0.1073170731707317,True
2020-12-07,source_medium,(data deleted) / (data deleted),7,228,8,0.03508771929824561,True
2020-12-07,source_medium,(data deleted) / (data deleted),30,228,2,0.008771929824561403,True
2020-12-07,source_medium,(data deleted) / (data deleted),1,228,18,0.07894736842105263,True
2020-12-07,source_medium,(data deleted) / (data deleted),14,228,2,0.008771929824561403,True
2020-11-16,source_medium,(data deleted) / (data deleted),7,284,8,0.028169014084507043,True
2020-11-16,source_medium,(data deleted) / (data deleted),1,284,29,0.10211267605633803,True
2020-11-16,source_medium,(data deleted) / (data deleted),30,284,4,0.014084507042253521,True
2020-11-16,source_medium,(data deleted) / (data deleted),14,284,4,0.014084507042253521,True
2020-11-23,source_medium,(data deleted) / (data deleted),30,292,0,0.0,True
2020-11-23,source_medium,(data deleted) / (data deleted),7,292,10,0.03424657534246575,True
2020-11-23,source_medium,(data deleted) / (data deleted),14,292,2,0.00684931506849315,True
2020-11-23,source_medium,(data deleted) / (data deleted),1,292,33,0.11301369863013698,True
2020-11-09,source_medium,(data deleted) / (data deleted),14,323,7,0.021671826625386997,True
2020-11-09,source_medium,(data deleted) / (data deleted),1,323,38,0.11764705882352941,True
2020-11-09,source_medium,(data deleted) / (data deleted),7,323,19,0.058823529411764705,True
2020-11-09,source_medium,(data deleted) / (data deleted),30,323,5,0.015479876160990712,True
2020-11-02,source_medium,(data deleted) / (data deleted),14,623,20,0.03210272873194221,True
2020-11-02,source_medium,(data deleted) / (data deleted),1,623,72,0.11556982343499198,True
2020-11-02,source_medium,(data deleted) / (data deleted),7,623,30,0.048154093097913325,True
2020-11-02,source_medium,(data deleted) / (data deleted),30,623,11,0.01765650080256822,True
2020-10-26,source_medium,(direct) / (none),14,555,1,0.0018018018018018018,True
2020-10-26,source_medium,(direct) / (none),1,555,32,0.05765765765765766,True
2020-10-26,source_medium,(direct) / (none),30,555,0,0.0,True
2020-10-26,source_medium,(direct) / (none),7,555,6,0.010810810810810811,True
2020-12-28,source_medium,(direct) / (none),30,2899,1,0.00034494653328734045,True
2020-11-09,source_medium,(direct) / (none),14,3870,28,0.007235142118863049,True
2020-11-09,source_medium,(direct) / (none),1,3870,231,0.059689922480620154,True
2020-11-09,source_medium,(direct) / (none),7,3870,55,0.014211886304909561,True
2020-11-09,source_medium,(direct) / (none),30,3870,11,0.002842377260981912,True
2020-12-28,source_medium,(direct) / (none),7,3999,10,0.002500625156289072,True
2020-12-28,source_medium,(direct) / (none),14,3999,5,0.001250312578144536,True
2020-12-28,source_medium,(direct) / (none),1,3999,128,0.03200800200050013,True
2020-12-21,source_medium,(direct) / (none),30,4027,6,0.0014899428855227217,True
2020-12-21,source_medium,(direct) / (none),7,4027,14,0.003476533399553017,True
2020-12-21,source_medium,(direct) / (none),1,4027,142,0.03526198162403774,True
2020-12-21,source_medium,(direct) / (none),14,4027,10,0.0024832381425378696,True
2021-01-25,source_medium,(direct) / (none),1,4118,183,0.044439048081593005,True
2020-11-16,source_medium,(direct) / (none),14,4363,32,0.007334402933761174,True
2020-11-16,source_medium,(direct) / (none),30,4363,17,0.0038964015585606234,True
2020-11-16,source_medium,(direct) / (none),7,4363,47,0.010772404308961724,True
2020-11-16,source_medium,(direct) / (none),1,4363,292,0.0669264267705707,True
2020-11-02,source_medium,(direct) / (none),14,4484,38,0.00847457627118644,True
2020-11-02,source_medium,(direct) / (none),30,4484,15,0.003345227475468332,True
2020-11-02,source_medium,(direct) / (none),7,4484,61,0.013603925066904549,True
2020-11-02,source_medium,(direct) / (none),1,4484,296,0.06601248884924175,True
2020-11-23,source_medium,(direct) / (none),30,4765,4,0.0008394543546694648,True
2020-11-23,source_medium,(direct) / (none),14,4765,18,0.003777544596012592,True
2020-11-23,source_medium,(direct) / (none),7,4765,42,0.00881427072402938,True
2020-11-23,source_medium,(direct) / (none),1,4765,244,0.051206715634837356,True
2021-01-18,source_medium,(direct) / (none),7,4936,32,0.006482982171799027,True
2021-01-18,source_medium,(direct) / (none),1,4936,225,0.045583468395461915,True
2021-01-11,source_medium,(direct) / (none),7,5171,35,0.006768516727905628,True
2021-01-11,source_medium,(direct) / (none),1,5171,193,0.03732353509959389,True
2021-01-11,source_medium,(direct) / (none),14,5171,12,0.002320634306710501,True
2020-11-30,source_medium,(direct) / (none),14,5175,31,0.005990338164251208,True
2020-11-30,source_medium,(direct) / (none),1,5175,313,0.060483091787439616,True
2020-11-30,source_medium,(direct) / (none),30,5175,5,0.000966183574879227,True
2020-11-30,source_medium,(direct) / (none),7,5175,44,0.008502415458937198,True
2021-01-04,source_medium,(direct) / (none),1,5455,216,0.03959670027497709,True
2021-01-04,source_medium,(direct) / (none),7,5455,25,0.00458295142071494,True
2021-01-04,source_medium,(direct) / (none),14,5455,14,0.0025664527956003667,True
2020-12-14,source_medium,(direct) / (none),7,5959,27,0.004530961570733344,True
2020-12-14,source_medium,(direct) / (none),1,5959,251,0.04212116126866924,True
2020-12-14,source_medium,(direct) / (none),14,5959,11,0.0018459473065950663,True
2020-12-14,source_medium,(direct) / (none),30,5959,7,0.0011746937405604967,True
2020-12-07,source_medium,(direct) / (none),30,6728,16,0.0023781212841854932,True
2020-12-07,source_medium,(direct) / (none),14,6728,15,0.0022294887039239,True
2020-12-07,source_medium,(direct) / (none),1,6728,295,0.043846611177170036,True
2020-12-07,source_medium,(direct) / (none),7,6728,38,0.005648038049940547,True
2020-10-26,country,(not set),14,16,0,0.0,False
2020-10-26,country,(not set),7,16,0,0.0,False
2020-10-26,country,(not set),1,16,2,0.125,False
2020-10-26,country,(not set),30,16,0,0.0,False
2020-12-28,country,(not set),30,95,0,0.0,False
2021-01-25,country,(not set),1,137,6,0.043795620437956206,True
2020-11-09,country,(not set),1,138,5,0.036231884057971016,True
2020-11-16,country,(not set),30,138,1,0.007246376811594203,True
2020-11-16,country,(not set),1,138,9,0.06521739130434782,True
2020-11-09,country,(not set),7,138,3,0.021739130434782608,True
2020-11-09,country,(not set),14,138,1,0.007246376811594203,True
2020-11-16,country,(not set),14,138,1,0.007246376811594203,True
2020-11-16,country,(not set),7,138,1,0.007246376811594203,True
2020-11-09,country,(not set),30,138,1,0.007246376811594203,True
2020-11-23,country,(not set),30,139,0,0.0,True
2020-11-23,country,(not set),7,139,0,0.0,True
2020-11-23,country,(not set),1,139,6,0.04316546762589928,True
2020-11-23,country,(not set),14,139,0,0.0,True
2020-12-28,country,(not set),1,141,5,0.03546099290780142,True
2020-12-28,country,(not set),14,141,0,0.0,True
2020-12-28,country,(not set),7,141,1,0.0070921985815602835,True
2020-12-21,country,(not set),14,146,1,0.00684931506849315,True
2020-12-21,country,(not set),7,146,0,0.0,True
2020-12-21,country,(not set),30,146,0,0.0,True
2020-12-21,country,(not set),1,146,1,0.00684931506849315,True
2021-01-11,country,(not set),14,153,1,0.006535947712418301,True
2021-01-11,country,(not set),7,153,1,0.006535947712418301,True
2021-01-11,country,(not set),1,153,3,0.0196078431372549,True
2020-11-02,country,(not set),30,160,0,0.0,True
2020-11-02,country,(not set),14,160,1,0.00625,True
2020-11-02,country,(not set),1,160,9,0.05625,True
2020-11-02,country,(not set),7,160,5,0.03125,True
2021-01-18,country,(not set),7,174,1,0.005747126436781609,True
2021-01-18,country,(not set),1,174,3,0.017241379310344827,True
2020-11-30,country,(not set),1,176,10,0.056818181818181816,True
2020-11-30,country,(not set),7,176,4,0.022727272727272728,True
2020-11-30,country,(not set),14,176,2,0.011363636363636364,True
2020-11-30,country,(not set),30,176,0,0.0,True
2021-01-04,country,(not set),7,178,1,0.0056179775280898875,True
2021-01-04,country,(not set),14,178,0,0.0,True
2021-01-04,country,(not set),1,178,12,0.06741573033707865,True
2020-12-14,country,(not set),1,214,8,0.037383177570093455,True
2020-12-14,country,(not set),30,214,0,0.0,True
2020-12-14,country,(not set),14,214,0,0.0,True
2020-12-14,country,(not set),7,214,0,0.0,True
2020-12-07,country,(not set),30,244,0,0.0,True
2020-12-07,country,(not set),14,244,0,0.0,True
2020-12-07,country,(not set),7,244,0,0.0,True
2020-12-07,country,(not set),1,244,14,0.05737704918032787,True
2020-11-30,source_medium,<Other> / (data deleted),1,1,0,0.0,False
2020-11-30,source_medium,<Other> / (data deleted),14,1,0,0.0,False
2021-01-18,source_medium,<Other> / (data deleted),1,1,0,0.0,False
2020-11-30,source_medium,<Other> / (data deleted),30,1,0,0.0,False
2021-01-18,source_medium,<Other> / (data deleted),7,1,0,0.0,False
2020-11-30,source_medium,<Other> / (data deleted),7,1,0,0.0,False
2021-01-11,source_medium,<Other> / (data deleted),7,2,0,0.0,False
2021-01-11,source_medium,<Other> / (data deleted),14,2,0,0.0,False
2020-12-14,source_medium,<Other> / (data deleted),7,2,0,0.0,False
2020-10-26,source_medium,<Other> / (data deleted),30,2,0,0.0,False
2020-12-21,source_medium,<Other> / (data deleted),30,2,0,0.0,False
2020-12-14,source_medium,<Other> / (data deleted),14,2,0,0.0,False
2020-12-21,source_medium,<Other> / (data deleted),14,2,0,0.0,False
2021-01-11,source_medium,<Other> / (data deleted),1,2,0,0.0,False
2020-12-14,source_medium,<Other> / (data deleted),1,2,0,0.0,False
2020-12-28,source_medium,<Other> / (data deleted),1,2,0,0.0,False
2020-12-21,source_medium,<Other> / (data deleted),7,2,0,0.0,False
2020-12-21,source_medium,<Other> / (data deleted),1,2,0,0.0,False
2020-10-26,source_medium,<Other> / (data deleted),1,2,0,0.0,False
2020-12-28,source_medium,<Other> / (data deleted),7,2,0,0.0,False
2020-12-28,source_medium,<Other> / (data deleted),14,2,0,0.0,False
2020-10-26,source_medium,<Other> / (data deleted),14,2,0,0.0,False
2020-12-28,source_medium,<Other> / (data deleted),30,2,0,0.0,False
2020-10-26,source_medium,<Other> / (data deleted),7,2,0,0.0,False
2020-12-14,source_medium,<Other> / (data deleted),30,2,0,0.0,False
2020-12-07,source_medium,<Other> / (data deleted),1,3,0,0.0,False
2020-12-07,source_medium,<Other> / (data deleted),30,3,0,0.0,False
2020-12-07,source_medium,<Other> / (data deleted),14,3,0,0.0,False
2020-12-07,source_medium,<Other> / (data deleted),7,3,0,0.0,False
2021-01-25,source_medium,<Other> / (data deleted),1,4,0,0.0,False
2021-01-04,source_medium,<Other> / (data deleted),7,4,0,0.0,False
2021-01-04,source_medium,<Other> / (data deleted),1,4,0,0.0,False
2021-01-04,source_medium,<Other> / (data deleted),14,4,0,0.0,False
2020-11-23,source_medium,<Other> / (data deleted),7,6,1,0.16666666666666666,False
2020-11-16,source_medium,<Other> / (data deleted),1,6,2,0.3333333333333333,False
2020-11-09,source_medium,<Other> / (data deleted),30,6,0,0.0,False
2020-11-16,source_medium,<Other> / (data deleted),14,6,0,0.0,False
2020-11-23,source_medium,<Other> / (data deleted),1,6,0,0.0,False
2020-11-16,source_medium,<Other> / (data deleted),7,6,0,0.0,False
2020-11-09,source_medium,<Other> / (data deleted),1,6,1,0.16666666666666666,False
2020-11-16,source_medium,<Other> / (data deleted),30,6,0,0.0,False
2020-11-09,source_medium,<Other> / (data deleted),7,6,0,0.0,False
2020-11-23,source_medium,<Other> / (data deleted),14,6,0,0.0,False
2020-11-09,source_medium,<Other> / (data deleted),14,6,0,0.0,False
2020-11-23,source_medium,<Other> / (data deleted),30,6,0,0.0,False
2020-11-02,source_medium,<Other> / (data deleted),30,11,0,0.0,False
2020-11-02,source_medium,<Other> / (data deleted),14,11,0,0.0,False
2020-11-02,source_medium,<Other> / (data deleted),7,11,0,0.0,False
2020-11-02,source_medium,<Other> / (data deleted),1,11,1,0.09090909090909091,False
2020-10-26,source_medium,<Other> / <Other>,14,356,5,0.014044943820224719,True
2020-10-26,source_medium,<Other> / <Other>,30,356,0,0.0,True
2020-10-26,source_medium,<Other> / <Other>,1,356,13,0.03651685393258427,True
2020-10-26,source_medium,<Other> / <Other>,7,356,3,0.008426966292134831,True
2020-12-28,source_medium,<Other> / <Other>,30,2086,2,0.0009587727708533077,True
2020-11-09,source_medium,<Other> / <Other>,7,2786,45,0.01615218951902369,True
2020-11-09,source_medium,<Other> / <Other>,30,2786,8,0.002871500358937545,True
2020-11-09,source_medium,<Other> / <Other>,14,2786,15,0.005384063173007897,True
2020-11-09,source_medium,<Other> / <Other>,1,2786,166,0.05958363244795405,True
2020-12-28,source_medium,<Other> / <Other>,7,2951,10,0.003388681802778719,True
2020-12-28,source_medium,<Other> / <Other>,1,2951,81,0.027448322602507624,True
2020-12-28,source_medium,<Other> / <Other>,14,2951,3,0.0010166045408336157,True
2021-01-25,source_medium,<Other> / <Other>,1,3024,114,0.037698412698412696,True
2020-11-16,source_medium,<Other> / <Other>,30,3060,6,0.00196078431372549,True
2020-11-16,source_medium,<Other> / <Other>,1,3060,182,0.05947712418300653,True
2020-11-16,source_medium,<Other> / <Other>,7,3060,28,0.009150326797385621,True
2020-11-16,source_medium,<Other> / <Other>,14,3060,16,0.00522875816993464,True
2020-11-02,source_medium,<Other> / <Other>,14,3104,12,0.003865979381443299,True
2020-11-02,source_medium,<Other> / <Other>,7,3104,25,0.008054123711340205,True
2020-11-02,source_medium,<Other> / <Other>,1,3104,172,0.055412371134020616,True
2020-11-02,source_medium,<Other> / <Other>,30,3104,9,0.0028994845360824743,True
2020-12-21,source_medium,<Other> / <Other>,7,3137,10,0.0031877590054191903,True
2020-12-21,source_medium,<Other> / <Other>,30,3137,4,0.001275103602167676,True
2020-12-21,source_medium,<Other> / <Other>,1,3137,92,0.029327382849856552,True
2020-12-21,source_medium,<Other> / <Other>,14,3137,6,0.001912655403251514,True
2020-11-23,source_medium,<Other> / <Other>,1,3504,170,0.048515981735159815,True
2020-11-23,source_medium,<Other> / <Other>,30,3504,2,0.0005707762557077625,True
2020-11-23,source_medium,<Other> / <Other>,7,3504,24,0.00684931506849315,True
2020-11-23,source_medium,<Other> / <Other>,14,3504,11,0.003139269406392694,True
2021-01-18,source_medium,<Other> / <Other>,7,3730,24,0.006434316353887399,True
2021-01-18,source_medium,<Other> / <Other>,1,3730,155,0.04155495978552279,True
2020-11-30,source_medium,<Other> / <Other>,7,3794,40,0.010542962572482868,True
2020-11-30,source_medium,<Other> / <Other>,14,3794,17,0.0044807590933052185,True
2020-11-30,source_medium,<Other> / <Other>,30,3794,1,0.0002635740643120717,True
2020-11-30,source_medium,<Other> / <Other>,1,3794,224,0.05904059040590406,True
2021-01-11,source_medium,<Other> / <Other>,7,3802,16,0.004208311415044713,True
2021-01-11,source_medium,<Other> / <Other>,1,3802,142,0.03734876380852183,True
2021-01-11,source_medium,<Other> / <Other>,14,3802,17,0.004471330878485008,True
2021-01-04,source_medium,<Other> / <Other>,14,4042,11,0.0027214250371103412,True
2021-01-04,source_medium,<Other> / <Other>,1,4042,166,0.04106877783275606,True
2021-01-04,source_medium,<Other> / <Other>,7,4042,17,0.004205838693715982,True
2020-12-14,source_medium,<Other> / <Other>,14,4363,7,0.0016044006417602567,True
2020-12-14,source_medium,<Other> / <Other>,1,4363,164,0.03758881503552602,True
2020-12-14,source_medium,<Other> / <Other>,7,4363,18,0.00412560165024066,True
2020-12-14,source_medium,<Other> / <Other>,30,4363,8,0.0018336007334402934,True
2020-12-07,source_medium,<Other> / <Other>,30,5076,5,0.0009850275807722615,True
2020-12-07,source_medium,<Other> / <Other>,7,5076,39,0.0076832151300236405,True
2020-12-07,source_medium,<Other> / <Other>,14,5076,3,0.000591016548463357,True
2020-12-07,source_medium,<Other> / <Other>,1,5076,223,0.04393223010244287,True
2020-10-26,source_medium,<Other> / organic,1,86,2,0.023255813953488372,False
2020-10-26,source_medium,<Other> / organic,7,86,1,0.011627906976744186,False
2020-10-26,source_medium,<Other> / organic,14,86,0,0.0,False
2020-10-26,source_medium,<Other> / organic,30,86,0,0.0,False
2020-12-28,source_medium,<Other> / organic,30,406,0,0.0,True
2020-11-09,source_medium,<Other> / organic,7,473,9,0.019027484143763214,True
2020-11-09,source_medium,<Other> / organic,30,473,0,0.0,True
2020-11-09,source_medium,<Other> / organic,14,473,2,0.004228329809725159,True
2020-11-09,source_medium,<Other> / organic,1,473,26,0.05496828752642706,True
2020-12-28,source_medium,<Other> / organic,1,551,15,0.02722323049001815,True
2020-12-28,source_medium,<Other> / organic,14,551,1,0.0018148820326678765,True
2020-12-28,source_medium,<Other> / organic,7,551,2,0.003629764065335753,True
2020-12-21,source_medium,<Other> / organic,7,561,1,0.0017825311942959,True
2020-12-21,source_medium,<Other> / organic,1,561,28,0.049910873440285206,True
2020-12-21,source_medium,<Other> / organic,30,561,0,0.0,True
2020-12-21,source_medium,<Other> / organic,14,561,1,0.0017825311942959,True
2020-11-16,source_medium,<Other> / organic,1,566,29,0.05123674911660778,True
2020-11-16,source_medium,<Other> / organic,7,566,9,0.015901060070671377,True
2020-11-16,source_medium,<Other> / organic,14,566,4,0.007067137809187279,True
2020-11-16,source_medium,<Other> / organic,30,566,3,0.00530035335689046,True
2020-11-02,source_medium,<Other> / organic,7,578,2,0.0034602076124567475,True
2020-11-02,source_medium,<Other> / organic,1,578,31,0.05363321799307959,True
2020-11-02,source_medium,<Other> / organic,30,578,2,0.0034602076124567475,True
2020-11-02,source_medium,<Other> / organic,14,578,4,0.006920415224913495,True
2021-01-25,source_medium,<Other> / organic,1,602,19,0.03156146179401993,True
2020-11-23,source_medium,<Other> / organic,30,654,0,0.0,True
2020-11-23,source_medium,<Other> / organic,7,654,4,0.0061162079510703364,True
2020-11-23,source_medium,<Other> / organic,14,654,2,0.0030581039755351682,True
2020-11-23,source_medium,<Other> / organic,1,654,33,0.05045871559633028,True
2021-01-18,source_medium,<Other> / organic,7,688,5,0.007267441860465116,True
2021-01-18,source_medium,<Other> / organic,1,688,36,0.05232558139534884,True
2021-01-11,source_medium,<Other> / organic,14,701,1,0.0014265335235378032,True
2021-01-11,source_medium,<Other> / organic,7,701,3,0.0042796005706134095,True
2021-01-11,source_medium,<Other> / organic,1,701,26,0.037089871611982884,True
2020-11-30,source_medium,<Other> / organic,1,707,38,0.05374823196605375,True
2020-11-30,source_medium,<Other> / organic,14,707,9,0.01272984441301273,True
2020-11-30,source_medium,<Other> / organic,7,707,5,0.007072135785007072,True
2020-11-30,source_medium,<Other> / organic,30,707,0,0.0,True
2020-12-14,source_medium,<Other> / organic,14,771,2,0.0025940337224383916,True
2020-12-14,source_medium,<Other> / organic,7,771,2,0.0025940337224383916,True
2020-12-14,source_medium,<Other> / organic,1,771,25,0.0324254215304799,True
2020-12-14,source_medium,<Other> / organic,30,771,1,0.0012970168612191958,True
2021-01-04,source_medium,<Other> / organic,14,784,3,0.003826530612244898,True
2021-01-04,source_medium,<Other> / organic,1,784,26,0.03316326530612245,True
2021-01-04,source_medium,<Other> / organic,7,784,3,0.003826530612244898,True
2020-12-07,source_medium,<Other> / organic,1,918,48,0.05228758169934641,True
2020-12-07,source_medium,<Other> / organic,14,918,3,0.0032679738562091504,True
2020-12-07,source_medium,<Other> / organic,30,918,1,0.0010893246187363835,True
2020-12-07,source_medium,<Other> / organic,7,918,12,0.013071895424836602,True
2020-10-26,source_medium,<Other> / referral,7,229,3,0.013100436681222707,True
2020-10-26,source_medium,<Other> / referral,14,229,1,0.004366812227074236,True
2020-10-26,source_medium,<Other> / referral,30,229,0,0.0,True
2020-10-26,source_medium,<Other> / referral,1,229,12,0.05240174672489083,True
2020-12-28,source_medium,<Other> / referral,30,1110,2,0.0018018018018018018,True
2020-11-09,source_medium,<Other> / referral,7,1505,19,0.012624584717607974,True
2020-11-09,source_medium,<Other> / referral,1,1505,83,0.05514950166112957,True
2020-11-09,source_medium,<Other> / referral,30,1505,9,0.005980066445182724,True
2020-11-09,source_medium,<Other> / referral,14,1505,12,0.007973421926910298,True
2021-01-25,source_medium,<Other> / referral,1,1579,82,0.051931602279924,True
2020-12-28,source_medium,<Other> / referral,14,1583,1,0.0006317119393556538,True
2020-12-28,source_medium,<Other> / referral,1,1583,37,0.02337334175615919,True
2020-12-28,source_medium,<Other> / referral,7,1583,6,0.003790271636133923,True
2020-12-21,source_medium,<Other> / referral,1,1671,60,0.03590664272890485,True
2020-12-21,source_medium,<Other> / referral,7,1671,5,0.002992220227408737,True
2020-12-21,source_medium,<Other> / referral,14,1671,9,0.005385996409335727,True
2020-12-21,source_medium,<Other> / referral,30,1671,2,0.0011968880909634949,True
2020-11-16,source_medium,<Other> / referral,7,1695,25,0.014749262536873156,True
2020-11-16,source_medium,<Other> / referral,30,1695,4,0.002359882005899705,True
2020-11-16,source_medium,<Other> / referral,1,1695,108,0.06371681415929203,True
2020-11-16,source_medium,<Other> / referral,14,1695,11,0.006489675516224189,True
2020-11-02,source_medium,<Other> / referral,1,1829,109,0.059595407326407876,True
2020-11-02,source_medium,<Other> / referral,14,1829,14,0.007654455986878075,True
2020-11-02,source_medium,<Other> / referral,7,1829,27,0.014762165117550574,True
2020-11-02,source_medium,<Other> / referral,30,1829,10,0.005467468562055768,True
2020-11-23,source_medium,<Other> / referral,7,1887,26,0.01377848436671966,True
2020-11-23,source_medium,<Other> / referral,14,1887,10,0.005299417064122946,True
2020-11-23,source_medium,<Other> / referral,30,1887,1,0.0005299417064122947,True
2020-11-23,source_medium,<Other> / referral,1,1887,109,0.057763645998940114,True
2021-01-18,source_medium,<Other> / referral,1,1930,89,0.0461139896373057,True
2021-01-18,source_medium,<Other> / referral,7,1930,12,0.0062176165803108805,True
2020-11-30,source_medium,<Other> / referral,14,1987,13,0.006542526421741319,True
2020-11-30,source_medium,<Other> / referral,7,1987,17,0.008555611474584801,True
2020-11-30,source_medium,<Other> / referral,1,1987,102,0.051333668847508805,True
2020-11-30,source_medium,<Other> / referral,30,1987,1,0.0005032712632108706,True
2021-01-04,source_medium,<Other> / referral,1,2060,86,0.04174757281553398,True
2021-01-04,source_medium,<Other> / referral,7,2060,10,0.0048543689320388345,True
2021-01-04,source_medium,<Other> / referral,14,2060,1,0.0004854368932038835,True
2021-01-11,source_medium,<Other> / referral,1,2066,90,0.04356243949661181,True
2021-01-11,source_medium,<Other> / referral,7,2066,23,0.011132623426911906,True
2021-01-11,source_medium,<Other> / referral,14,2066,8,0.003872216844143272,True
2020-12-14,source_medium,<Other> / referral,1,2319,85,0.036653730056058646,True
2020-12-14,source_medium,<Other> / referral,14,2319,8,0.0034497628288055198,True
2020-12-14,source_medium,<Other> / referral,7,2319,11,0.004743423889607589,True
2020-12-14,source_medium,<Other> / referral,30,2319,3,0.00129366106080207,True
2020-12-07,source_medium,<Other> / referral,1,2708,115,0.042466765140324964,True
2020-12-07,source_medium,<Other> / referral,14,2708,7,0.00258493353028065,True
2020-12-07,source_medium,<Other> / referral,30,2708,4,0.0014771048744460858,True
2020-12-07,source_medium,<Other> / referral,7,2708,21,0.00775480059084195,True
2020-10-26,country,Albania,30,1,0,0.0,False
2020-10-26,country,Albania,14,1,0,0.0,False
2020-10-26,country,Albania,7,1,0,0.0,False
2020-10-26,country,Albania,1,1,0,0.0,False
2021-01-18,country,Albania,7,3,0,0.0,False
2021-01-18,country,Albania,1,3,0,0.0,False
2021-01-11,country,Albania,14,4,0,0.0,False
2020-12-07,country,Albania,7,4,0,0.0,False
2020-12-21,country,Albania,30,4,0,0.0,False
2020-12-07,country,Albania,30,4,0,0.0,False
2021-01-11,country,Albania,7,4,0,0.0,False
2020-12-07,country,Albania,1,4,0,0.0,False
2021-01-11,country,Albania,1,4,0,0.0,False
2020-11-09,country,Albania,30,4,0,0.0,False
2020-12-21,country,Albania,1,4,0,0.0,False
2020-12-21,country,Albania,7,4,0,0.0,False
2020-11-23,country,Albania,1,4,0,0.0,False
2020-11-09,country,Albania,14,4,0,0.0,False
2020-11-09,country,Albania,1,4,0,0.0,False
2020-11-09,country,Albania,7,4,0,0.0,False
2020-11-23,country,Albania,7,4,0,0.0,False
2020-11-23,country,Albania,14,4,0,0.0,False
2020-11-23,country,Albania,30,4,0,0.0,False
2020-12-21,country,Albania,14,4,0,0.0,False
2020-12-07,country,Albania,14,4,0,0.0,False
2020-12-28,country,Albania,30,5,0,0.0,False
2020-12-28,country,Albania,7,5,0,0.0,False
2020-12-28,country,Albania,14,5,0,0.0,False
2020-12-28,country,Albania,1,5,0,0.0,False
2021-01-25,country,Albania,1,6,0,0.0,False
2021-01-04,country,Albania,1,6,0,0.0,False
2020-11-02,country,Albania,7,6,0,0.0,False
2020-11-02,country,Albania,14,6,0,0.0,False
2021-01-04,country,Albania,7,6,0,0.0,False
2020-11-02,country,Albania,1,6,0,0.0,False
2021-01-04,country,Albania,14,6,0,0.0,False
2020-11-02,country,Albania,30,6,0,0.0,False
2020-11-16,country,Albania,7,7,0,0.0,False
2020-12-14,country,Albania,1,7,0,0.0,False
2020-12-14,country,Albania,30,7,0,0.0,False
2020-11-16,country,Albania,14,7,0,0.0,False
2020-11-16,country,Albania,1,7,1,0.14285714285714285,False
2020-12-14,country,Albania,14,7,0,0.0,False
2020-11-16,country,Albania,30,7,1,0.14285714285714285,False
2020-12-14,country,Albania,7,7,0,0.0,False
2020-11-30,country,Albania,1,10,0,0.0,False
2020-11-30,country,Albania,14,10,0,0.0,False
2020-11-30,country,Albania,7,10,0,0.0,False
2020-11-30,country,Albania,30,10,0,0.0,False
2020-12-28,country,Algeria,30,3,0,0.0,False
2020-11-09,country,Algeria,14,4,0,0.0,False
2020-11-09,country,Algeria,1,4,0,0.0,False
2020-11-09,country,Algeria,7,4,0,0.0,False
2020-11-09,country,Algeria,30,4,0,0.0,False
2020-12-28,country,Algeria,7,6,0,0.0,False
2020-12-28,country,Algeria,1,6,1,0.16666666666666666,False
2020-12-28,country,Algeria,14,6,0,0.0,False
2020-11-16,country,Algeria,14,10,0,0.0,False
2020-11-16,country,Algeria,30,10,0,0.0,False
2021-01-25,country,Algeria,1,10,1,0.1,False
2020-11-16,country,Algeria,7,10,0,0.0,False
2020-11-16,country,Algeria,1,10,1,0.1,False
2020-12-21,country,Algeria,7,11,0,0.0,False
2020-12-21,country,Algeria,1,11,0,0.0,False
2020-12-07,country,Algeria,7,11,0,0.0,False
2020-12-21,country,Algeria,30,11,0,0.0,False
2020-11-02,country,Algeria,1,11,1,0.09090909090909091,False
2020-12-21,country,Algeria,14,11,0,0.0,False
2020-11-02,country,Algeria,14,11,0,0.0,False
2020-11-02,country,Algeria,30,11,0,0.0,False
2020-12-07,country,Algeria,14,11,0,0.0,False
2020-12-07,country,Algeria,1,11,0,0.0,False
2020-11-02,country,Algeria,7,11,0,0.0,False
2020-12-07,country,Algeria,30,11,0,0.0,False
2020-11-30,country,Algeria,30,14,0,0.0,False
2020-11-30,country,Algeria,14,14,0,0.0,False
2020-11-30,country,Algeria,1,14,2,0.14285714285714285,False
2020-11-30,country,Algeria,7,14,0,0.0,False
2021-01-18,country,Algeria,1,15,1,0.06666666666666667,False
2021-01-18,country,Algeria,7,15,0,0.0,False
2020-12-14,country,Algeria,30,17,0,0.0,False
2020-12-14,country,Algeria,1,17,1,0.058823529411764705,False
2020-11-23,country,Algeria,7,17,0,0.0,False
2020-11-23,country,Algeria,30,17,0,0.0,False
2020-12-14,country,Algeria,7,17,0,0.0,False
2020-12-14,country,Algeria,14,17,0,0.0,False
2020-11-23,country,Algeria,1,17,0,0.0,False
2020-11-23,country,Algeria,14,17,0,0.0,False
2021-01-11,country,Algeria,7,18,0,0.0,False
2021-01-04,country,Algeria,14,18,0,0.0,False
2021-01-04,country,Algeria,1,18,2,0.1111111111111111,False
2021-01-04,country,Algeria,7,18,1,0.05555555555555555,False
2021-01-11,country,Algeria,14,18,0,0.0,False
2021-01-11,country,Algeria,1,18,0,0.0,False
2020-10-26,country,Argentina,1,7,1,0.14285714285714285,False
2020-10-26,country,Argentina,7,7,0,0.0,False
2020-10-26,country,Argentina,14,7,0,0.0,False
2020-10-26,country,Argentina,30,7,0,0.0,False
2020-12-28,country,Argentina,30,24,0,0.0,False
2020-12-28,country,Argentina,14,34,0,0.0,False
2020-12-28,country,Argentina,7,34,1,0.029411764705882353,False
2020-12-28,country,Argentina,1,34,1,0.029411764705882353,False
2020-12-21,country,Argentina,30,36,0,0.0,False
2020-12-21,country,Argentina,1,36,0,0.0,False
2020-12-21,country,Argentina,7,36,0,0.0,False
2020-12-21,country,Argentina,14,36,1,0.027777777777777776,False
2020-11-09,country,Argentina,1,43,4,0.09302325581395349,False
2020-11-09,country,Argentina,30,43,0,0.0,False
2020-11-09,country,Argentina,7,43,0,0.0,False
2020-11-09,country,Argentina,14,43,1,0.023255813953488372,False
2020-11-23,country,Argentina,1,47,2,0.0425531914893617,False
2020-11-23,country,Argentina,7,47,0,0.0,False
2020-11-23,country,Argentina,14,47,0,0.0,False
2020-11-23,country,Argentina,30,47,0,0.0,False
2020-11-16,country,Argentina,14,48,0,0.0,False
2020-11-16,country,Argentina,7,48,1,0.020833333333333332,False
2020-11-16,country,Argentina,30,48,0,0.0,False
2020-11-16,country,Argentina,1,48,4,0.08333333333333333,False
2021-01-25,country,Argentina,1,49,2,0.04081632653061224,False
2021-01-11,country,Argentina,14,52,0,0.0,False
2021-01-11,country,Argentina,1,52,0,0.0,False
2021-01-11,country,Argentina,7,52,0,0.0,False
2021-01-18,country,Argentina,1,57,1,0.017543859649122806,False
2021-01-18,country,Argentina,7,57,0,0.0,False
2020-11-30,country,Argentina,1,59,0,0.0,False
2020-11-30,country,Argentina,7,59,0,0.0,False
2020-11-02,country,Argentina,1,59,3,0.05084745762711865,False
2020-11-02,country,Argentina,30,59,0,0.0,False
2020-11-02,country,Argentina,7,59,2,0.03389830508474576,False
2020-11-30,country,Argentina,14,59,0,0.0,False
2020-11-30,country,Argentina,30,59,0,0.0,False
2020-11-02,country,Argentina,14,59,0,0.0,False
2021-01-04,country,Argentina,14,66,0,0.0,False
2021-01-04,country,Argentina,7,66,0,0.0,False
2021-01-04,country,Argentina,1,66,2,0.030303030303030304,False
2020-12-14,country,Argentina,30,72,1,0.013888888888888888,False
2020-12-14,country,Argentina,1,72,6,0.08333333333333333,False
2020-12-14,country,Argentina,14,72,0,0.0,False
2020-12-07,country,Argentina,14,72,0,0.0,False
2020-12-07,country,Argentina,30,72,0,0.0,False
2020-12-14,country,Argentina,7,72,0,0.0,False
2020-12-07,country,Argentina,1,72,2,0.027777777777777776,False
2020-12-07,country,Argentina,7,72,0,0.0,False
2020-12-14,country,Armenia,7,2,0,0.0,False
2020-11-02,country,Armenia,7,2,0,0.0,False
2020-11-02,country,Armenia,1,2,0,0.0,False
2020-12-14,country,Armenia,30,2,0,0.0,False
2020-12-14,country,Armenia,1,2,0,0.0,False
2020-11-02,country,Armenia,14,2,0,0.0,False
2020-12-14,country,Armenia,14,2,0,0.0,False
2020-12-07,country,Armenia,1,2,0,0.0,False
2020-12-07,country,Armenia,30,2,0,0.0,False
2020-11-02,country,Armenia,30,2,0,0.0,False
2020-12-07,country,Armenia,7,2,0,0.0,False
2020-12-07,country,Armenia,14,2,0,0.0,False
2021-01-25,country,Armenia,1,3,0,0.0,False
2020-12-28,country,Armenia,30,3,0,0.0,False
2020-11-30,country,Armenia,30,3,0,0.0,False
2020-11-30,country,Armenia,7,3,0,0.0,False
2020-11-30,country,Armenia,14,3,0,0.0,False
2020-11-30,country,Armenia,1,3,0,0.0,False
2020-11-09,country,Armenia,7,4,0,0.0,False
2020-11-23,country,Armenia,7,4,0,0.0,False
2020-11-23,country,Armenia,14,4,0,0.0,False
2020-11-23,country,Armenia,30,4,0,0.0,False
2020-11-09,country,Armenia,30,4,0,0.0,False
2020-11-23,country,Armenia,1,4,0,0.0,False
2020-12-28,country,Armenia,14,4,0,0.0,False
2020-11-09,country,Armenia,1,4,0,0.0,False
2020-12-28,country,Armenia,7,4,0,0.0,False
2020-12-28,country,Armenia,1,4,0,0.0,False
2020-11-09,country,Armenia,14,4,0,0.0,False
2021-01-18,country,Armenia,7,5,0,0.0,False
2021-01-18,country,Armenia,1,5,1,0.2,False
2020-12-21,country,Armenia,14,6,0,0.0,False
2020-12-21,country,Armenia,30,6,0,0.0,False
2020-12-21,country,Armenia,7,6,0,0.0,False
2020-12-21,country,Armenia,1,6,0,0.0,False
2020-11-16,country,Armenia,14,7,0,0.0,False
2020-11-16,country,Armenia,7,7,0,0.0,False
2020-11-16,country,Armenia,1,7,1,0.14285714285714285,False
2020-11-16,country,Armenia,30,7,0,0.0,False
2021-01-04,country,Armenia,7,8,0,0.0,False
2021-01-04,country,Armenia,14,8,0,0.0,False
2021-01-04,country,Armenia,1,8,1,0.125,False
2021-01-11,country,Armenia,1,10,0,0.0,False
2021-01-11,country,Armenia,14,10,0,0.0,False
2021-01-11,country,Armenia,7,10,0,0.0,False
2020-10-26,country,Australia,1,19,2,0.10526315789473684,False
2020-10-26,country,Australia,30,19,0,0.0,False
2020-10-26,country,Australia,14,19,0,0.0,False
2020-10-26,country,Australia,7,19,0,0.0,False
2020-12-28,country,Australia,30,96,0,0.0,False
2020-12-28,country,Australia,7,138,1,0.007246376811594203,True
2020-12-28,country,Australia,14,138,0,0.0,True
2020-12-28,country,Australia,1,138,4,0.028985507246376812,True
2020-11-09,country,Australia,7,164,6,0.036585365853658534,True
2020-11-09,country,Australia,30,164,0,0.0,True
2020-11-09,country,Australia,14,164,3,0.018292682926829267,True
2020-11-09,country,Australia,1,164,10,0.06097560975609756,True
2020-11-16,country,Australia,30,168,0,0.0,True
2020-11-16,country,Australia,14,168,1,0.005952380952380952,True
2020-11-16,country,Australia,7,168,1,0.005952380952380952,True
2020-11-16,country,Australia,1,168,15,0.08928571428571429,True
2021-01-25,country,Australia,1,170,0,0.0,True
2020-11-02,country,Australia,30,171,0,0.0,True
2020-12-21,country,Australia,14,171,1,0.005847953216374269,True
2020-12-21,country,Australia,7,171,1,0.005847953216374269,True
2020-11-02,country,Australia,1,171,10,0.05847953216374269,True
2020-11-02,country,Australia,7,171,3,0.017543859649122806,True
2020-12-21,country,Australia,30,171,0,0.0,True
2020-11-02,country,Australia,14,171,2,0.011695906432748537,True
2020-12-21,country,Australia,1,171,9,0.05263157894736842,True
2021-01-04,country,Australia,7,178,1,0.0056179775280898875,True
2021-01-04,country,Australia,1,178,4,0.02247191011235955,True
2021-01-04,country,Australia,14,178,0,0.0,True
2021-01-18,country,Australia,1,188,9,0.047872340425531915,True
2021-01-18,country,Australia,7,188,2,0.010638297872340425,True
2020-12-14,country,Australia,14,195,0,0.0,True
2020-12-14,country,Australia,1,195,7,0.035897435897435895,True
2020-12-14,country,Australia,7,195,0,0.0,True
2020-12-14,country,Australia,30,195,0,0.0,True
2020-11-23,country,Australia,7,197,2,0.01015228426395939,True
2020-11-23,country,Australia,30,197,0,0.0,True
2020-11-23,country,Australia,14,197,1,0.005076142131979695,True
2020-11-23,country,Australia,1,197,10,0.050761421319796954,True
2020-11-30,country,Australia,7,198,1,0.005050505050505051,True
2020-11-30,country,Australia,30,198,1,0.005050505050505051,True
2020-11-30,country,Australia,14,198,2,0.010101010101010102,True
2020-11-30,country,Australia,1,198,11,0.05555555555555555,True
2021-01-11,country,Australia,14,211,0,0.0,True
2021-01-11,country,Australia,7,211,2,0.009478672985781991,True
2021-01-11,country,Australia,1,211,11,0.052132701421800945,True
2020-12-07,country,Australia,30,261,1,0.0038314176245210726,True
2020-12-07,country,Australia,14,261,1,0.0038314176245210726,True
2020-12-07,country,Australia,7,261,1,0.0038314176245210726,True
2020-12-07,country,Australia,1,261,12,0.04597701149425287,True
2020-10-26,country,Austria,7,4,0,0.0,False
2020-10-26,country,Austria,30,4,0,0.0,False
2020-10-26,country,Austria,14,4,0,0.0,False
2020-10-26,country,Austria,1,4,0,0.0,False
2020-12-28,country,Austria,30,35,0,0.0,False
2020-11-09,country,Austria,14,36,0,0.0,False
2020-11-09,country,Austria,1,36,1,0.027777777777777776,False
2020-11-09,country,Austria,30,36,0,0.0,False
2020-11-09,country,Austria,7,36,0,0.0,False
2020-12-21,country,Austria,14,38,0,0.0,False
2020-12-21,country,Austria,7,38,0,0.0,False
2020-12-21,country,Austria,30,38,0,0.0,False
2020-12-21,country,Austria,1,38,0,0.0,False
2021-01-18,country,Austria,7,45,0,0.0,False
2021-01-18,country,Austria,1,45,3,0.06666666666666667,False
2020-11-02,country,Austria,30,47,0,0.0,False
2020-12-28,country,Austria,1,47,5,0.10638297872340426,False
2020-11-02,country,Austria,1,47,4,0.0851063829787234,False
2020-11-02,country,Austria,7,47,3,0.06382978723404255,False
2020-12-28,country,Austria,14,47,0,0.0,False
2020-12-28,country,Austria,7,47,1,0.02127659574468085,False
2020-11-02,country,Austria,14,47,1,0.02127659574468085,False
2020-11-30,country,Austria,1,48,5,0.10416666666666667,False
2020-11-30,country,Austria,30,48,0,0.0,False
2020-11-30,country,Austria,7,48,0,0.0,False
2020-11-30,country,Austria,14,48,1,0.020833333333333332,False
2021-01-25,country,Austria,1,50,2,0.04,False
2020-11-23,country,Austria,1,57,2,0.03508771929824561,False
2020-11-23,country,Austria,30,57,0,0.0,False
2020-11-23,country,Austria,7,57,2,0.03508771929824561,False
2020-11-23,country,Austria,14,57,0,0.0,False
2020-11-16,country,Austria,14,58,1,0.017241379310344827,False
2020-11-16,country,Austria,7,58,1,0.017241379310344827,False
2020-11-16,country,Austria,30,58,0,0.0,False
2020-11-16,country,Austria,1,58,2,0.034482758620689655,False
2021-01-04,country,Austria,7,63,1,0.015873015873015872,False
2021-01-11,country,Austria,14,63,0,0.0,False
2021-01-04,country,Austria,14,63,0,0.0,False
2021-01-04,country,Austria,1,63,1,0.015873015873015872,False
2021-01-11,country,Austria,1,63,4,0.06349206349206349,False
2021-01-11,country,Austria,7,63,1,0.015873015873015872,False
2020-12-07,country,Austria,7,64,0,0.0,False
2020-12-07,country,Austria,1,64,3,0.046875,False
2020-12-07,country,Austria,30,64,0,0.0,False
2020-12-07,country,Austria,14,64,0,0.0,False
2020-12-14,country,Austria,7,66,0,0.0,False
2020-12-14,country,Austria,14,66,0,0.0,False
2020-12-14,country,Austria,30,66,0,0.0,False
2020-12-14,country,Austria,1,66,1,0.015151515151515152,False
2020-10-26,country,Azerbaijan,30,1,0,0.0,False
2020-10-26,country,Azerbaijan,1,1,0,0.0,False
2020-10-26,country,Azerbaijan,7,1,0,0.0,False
2020-10-26,country,Azerbaijan,14,1,0,0.0,False
2021-01-25,country,Azerbaijan,1,4,0,0.0,False
2020-11-30,country,Azerbaijan,14,5,0,0.0,False
2021-01-04,country,Azerbaijan,14,5,0,0.0,False
2020-11-30,country,Azerbaijan,1,5,0,0.0,False
2021-01-04,country,Azerbaijan,7,5,0,0.0,False
2020-11-30,country,Azerbaijan,7,5,0,0.0,False
2021-01-04,country,Azerbaijan,1,5,0,0.0,False
2020-11-30,country,Azerbaijan,30,5,0,0.0,False
2020-11-02,country,Azerbaijan,1,6,1,0.16666666666666666,False
2020-11-09,country,Azerbaijan,30,6,0,0.0,False
2020-11-02,country,Azerbaijan,30,6,0,0.0,False
2020-11-02,country,Azerbaijan,7,6,0,0.0,False
2020-11-02,country,Azerbaijan,14,6,0,0.0,False
2020-12-28,country,Azerbaijan,30,6,0,0.0,False
2020-11-09,country,Azerbaijan,14,6,0,0.0,False
2020-11-09,country,Azerbaijan,7,6,0,0.0,False
2020-11-09,country,Azerbaijan,1,6,3,0.5,False
2020-12-28,country,Azerbaijan,14,7,0,0.0,False
2020-12-28,country,Azerbaijan,1,7,0,0.0,False
2020-12-28,country,Azerbaijan,7,7,0,0.0,False
2021-01-18,country,Azerbaijan,7,10,0,0.0,False
2020-11-23,country,Azerbaijan,14,10,0,0.0,False
2020-11-23,country,Azerbaijan,7,10,0,0.0,False
2021-01-18,country,Azerbaijan,1,10,1,0.1,False
2020-11-23,country,Azerbaijan,30,10,0,0.0,False
2020-11-23,country,Azerbaijan,1,10,0,0.0,False
2020-11-16,country,Azerbaijan,1,11,2,0.18181818181818182,False
2020-11-16,country,Azerbaijan,30,11,0,0.0,False
2020-12-21,country,Azerbaijan,7,11,1,0.09090909090909091,False
2020-11-16,country,Azerbaijan,7,11,0,0.0,False
2020-12-21,country,Azerbaijan,1,11,0,0.0,False
2020-11-16,country,Azerbaijan,14,11,0,0.0,False
2020-12-21,country,Azerbaijan,14,11,0,0.0,False
2020-12-21,country,Azerbaijan,30,11,0,0.0,False
2021-01-11,country,Azerbaijan,1,13,0,0.0,False
2021-01-11,country,Azerbaijan,7,13,0,0.0,False
2021-01-11,country,Azerbaijan,14,13,0,0.0,False
2020-12-07,country,Azerbaijan,1,14,0,0.0,False
2020-12-07,country,Azerbaijan,30,14,0,0.0,False
2020-12-07,country,Azerbaijan,14,14,0,0.0,False
2020-12-07,country,Azerbaijan,7,14,0,0.0,False
2020-12-14,country,Azerbaijan,14,15,0,0.0,False
2020-12-14,country,Azerbaijan,1,15,0,0.0,False
2020-12-14,country,Azerbaijan,30,15,0,0.0,False
2020-12-14,country,Azerbaijan,7,15,0,0.0,False
2020-11-02,country,Bahamas,30,1,0,0.0,False
2020-11-02,country,Bahamas,14,1,0,0.0,False
2020-11-02,country,Bahamas,7,1,0,0.0,False
2020-11-23,country,Bahamas,1,1,1,1.0,False
2020-11-23,country,Bahamas,30,1,0,0.0,False
2020-11-02,country,Bahamas,1,1,0,0.0,False
2020-11-23,country,Bahamas,14,1,0,0.0,False
2020-11-23,country,Bahamas,7,1,0,0.0,False
2020-12-21,country,Bahamas,30,2,0,0.0,False
2020-11-16,country,Bahamas,7,2,0,0.0,False
2020-11-16,country,Bahamas,14,2,0,0.0,False
2020-11-16,country,Bahamas,1,2,0,0.0,False
2020-12-28,country,Bahamas,30,2,0,0.0,False
2020-11-16,country,Bahamas,30,2,0,0.0,False
2020-12-21,country,Bahamas,14,2,0,0.0,False
2020-12-21,country,Bahamas,1,2,0,0.0,False
2020-12-21,country,Bahamas,7,2,0,0.0,False
2020-12-28,country,Bahamas,7,3,0,0.0,False
2020-12-28,country,Bahamas,1,3,1,0.3333333333333333,False
2021-01-25,country,Bahamas,1,3,1,0.3333333333333333,False
2020-12-28,country,Bahamas,14,3,0,0.0,False
2020-12-07,country,Bahamas,14,4,0,0.0,False
2020-12-07,country,Bahamas,7,4,0,0.0,False
2021-01-11,country,Bahamas,7,4,0,0.0,False
2020-12-07,country,Bahamas,30,4,0,0.0,False
2021-01-11,country,Bahamas,14,4,0,0.0,False
2020-12-07,country,Bahamas,1,4,1,0.25,False
2021-01-11,country,Bahamas,1,4,0,0.0,False
2020-11-30,country,Bahamas,1,5,0,0.0,False
2020-11-30,country,Bahamas,7,5,0,0.0,False
2020-11-30,country,Bahamas,30,5,0,0.0,False
2020-11-30,country,Bahamas,14,5,0,0.0,False
2020-11-09,country,Bahamas,30,6,0,0.0,False
2020-11-09,country,Bahamas,7,6,0,0.0,False
2020-11-09,country,Bahamas,14,6,0,0.0,False
2020-11-09,country,Bahamas,1,6,0,0.0,False
2021-01-04,country,Bahamas,1,7,0,0.0,False
2021-01-04,country,Bahamas,7,7,0,0.0,False
2021-01-04,country,Bahamas,14,7,0,0.0,False
2021-01-18,country,Bahamas,7,8,0,0.0,False
2020-12-14,country,Bahamas,30,8,0,0.0,False
2020-12-14,country,Bahamas,1,8,0,0.0,False
2020-12-14,country,Bahamas,7,8,0,0.0,False
2020-12-14,country,Bahamas,14,8,0,0.0,False
2021-01-18,country,Bahamas,1,8,1,0.125,False
2020-11-09,country,Bahrain,14,1,0,0.0,False
2020-11-09,country,Bahrain,1,1,1,1.0,False
2020-11-16,country,Bahrain,1,1,0,0.0,False
2020-10-26,country,Bahrain,14,1,0,0.0,False
2020-11-16,country,Bahrain,7,1,0,0.0,False
2020-11-16,country,Bahrain,30,1,0,0.0,False
2020-10-26,country,Bahrain,1,1,0,0.0,False
2020-10-26,country,Bahrain,7,1,0,0.0,False
2020-11-09,country,Bahrain,7,1,0,0.0,False
2020-11-16,country,Bahrain,14,1,0,0.0,False
2020-10-26,country,Bahrain,30,1,0,0.0,False
2020-11-09,country,Bahrain,30,1,0,0.0,False
2020-11-30,country,Bahrain,30,2,0,0.0,False
2020-12-28,country,Bahrain,1,2,0,0.0,False
2020-12-28,country,Bahrain,14,2,0,0.0,False
2020-11-30,country,Bahrain,1,2,0,0.0,False
2020-11-30,country,Bahrain,14,2,0,0.0,False
2020-12-28,country,Bahrain,7,2,0,0.0,False
2020-11-30,country,Bahrain,7,2,0,0.0,False
2020-12-28,country,Bahrain,30,2,0,0.0,False
2020-11-23,country,Bahrain,1,3,0,0.0,False
2021-01-25,country,Bahrain,1,3,0,0.0,False
2020-11-23,country,Bahrain,7,3,0,0.0,False
2020-11-23,country,Bahrain,14,3,0,0.0,False
2020-11-23,country,Bahrain,30,3,0,0.0,False
2021-01-04,country,Bahrain,1,4,0,0.0,False
2020-11-02,country,Bahrain,1,4,0,0.0,False
2020-11-02,country,Bahrain,30,4,0,0.0,False
2020-11-02,country,Bahrain,14,4,0,0.0,False
2021-01-04,country,Bahrain,14,4,0,0.0,False
2020-11-02,country,Bahrain,7,4,0,0.0,False
2021-01-04,country,Bahrain,7,4,0,0.0,False
2020-12-14,country,Bahrain,14,5,0,0.0,False
2020-12-14,country,Bahrain,1,5,0,0.0,False
2020-12-14,country,Bahrain,30,5,0,0.0,False
2020-12-14,country,Bahrain,7,5,0,0.0,False
2020-12-07,country,Bahrain,14,6,0,0.0,False
2020-12-21,country,Bahrain,7,6,0,0.0,False
2020-12-21,country,Bahrain,1,6,1,0.16666666666666666,False
2021-01-18,country,Bahrain,7,6,0,0.0,False
2021-01-18,country,Bahrain,1,6,0,0.0,False
2020-12-07,country,Bahrain,30,6,0,0.0,False
2020-12-07,country,Bahrain,7,6,0,0.0,False
2020-12-21,country,Bahrain,30,6,0,0.0,False
2020-12-07,country,Bahrain,1,6,0,0.0,False
2020-12-21,country,Bahrain,14,6,0,0.0,False
2021-01-11,country,Bahrain,7,8,0,0.0,False
2021-01-11,country,Bahrain,14,8,0,0.0,False
2021-01-11,country,Bahrain,1,8,0,0.0,False
2020-10-26,country,Bangladesh,7,2,0,0.0,False
2020-10-26,country,Bangladesh,30,2,0,0.0,False
2020-10-26,country,Bangladesh,1,2,0,0.0,False
2020-10-26,country,Bangladesh,14,2,1,0.5,False
2020-11-09,country,Bangladesh,1,29,1,0.034482758620689655,False
2020-11-09,country,Bangladesh,30,29,0,0.0,False
2020-11-09,country,Bangladesh,14,29,0,0.0,False
2020-11-09,country,Bangladesh,7,29,0,0.0,False
2020-11-02,country,Bangladesh,1,33,2,0.06060606060606061,False
2020-11-02,country,Bangladesh,30,33,0,0.0,False
2020-12-21,country,Bangladesh,1,33,0,0.0,False
2020-11-02,country,Bangladesh,7,33,1,0.030303030303030304,False
2020-12-21,country,Bangladesh,30,33,0,0.0,False
2020-12-21,country,Bangladesh,7,33,0,0.0,False
2020-12-21,country,Bangladesh,14,33,0,0.0,False
2020-11-02,country,Bangladesh,14,33,1,0.030303030303030304,False
2020-11-16,country,Bangladesh,30,34,0,0.0,False
2020-11-16,country,Bangladesh,14,34,0,0.0,False
2020-11-16,country,Bangladesh,1,34,0,0.0,False
2020-11-16,country,Bangladesh,7,34,0,0.0,False
2021-01-18,country,Bangladesh,7,35,0,0.0,False
2021-01-18,country,Bangladesh,1,35,1,0.02857142857142857,False
2020-12-28,country,Bangladesh,30,38,0,0.0,False
2020-12-14,country,Bangladesh,14,40,0,0.0,False
2020-12-14,country,Bangladesh,1,40,1,0.025,False
2020-12-14,country,Bangladesh,30,40,0,0.0,False
2020-12-14,country,Bangladesh,7,40,0,0.0,False
2020-11-23,country,Bangladesh,14,43,1,0.023255813953488372,False
2020-11-30,country,Bangladesh,14,43,0,0.0,False
2020-11-23,country,Bangladesh,30,43,0,0.0,False
2020-11-23,country,Bangladesh,1,43,4,0.09302325581395349,False
2020-11-30,country,Bangladesh,30,43,0,0.0,False
2020-11-23,country,Bangladesh,7,43,1,0.023255813953488372,False
2020-11-30,country,Bangladesh,7,43,1,0.023255813953488372,False
2020-11-30,country,Bangladesh,1,43,2,0.046511627906976744,False
2021-01-25,country,Bangladesh,1,44,1,0.022727272727272728,False
2020-12-28,country,Bangladesh,14,44,0,0.0,False
2020-12-28,country,Bangladesh,1,44,0,0.0,False
2020-12-28,country,Bangladesh,7,44,1,0.022727272727272728,False
2020-12-07,country,Bangladesh,14,48,0,0.0,False
2020-12-07,country,Bangladesh,30,48,0,0.0,False
2020-12-07,country,Bangladesh,1,48,0,0.0,False
2020-12-07,country,Bangladesh,7,48,0,0.0,False
2021-01-04,country,Bangladesh,7,53,0,0.0,False
2021-01-04,country,Bangladesh,14,53,0,0.0,False
2021-01-04,country,Bangladesh,1,53,0,0.0,False
2021-01-11,country,Bangladesh,14,56,0,0.0,False
2021-01-11,country,Bangladesh,7,56,0,0.0,False
2021-01-11,country,Bangladesh,1,56,3,0.05357142857142857,False
2020-12-28,country,Belarus,30,3,0,0.0,False
2020-12-28,country,Belarus,7,4,0,0.0,False
2020-12-28,country,Belarus,14,4,0,0.0,False
2020-12-28,country,Belarus,1,4,0,0.0,False
2020-11-09,country,Belarus,30,7,0,0.0,False
2020-11-09,country,Belarus,1,7,2,0.2857142857142857,False
2021-01-25,country,Belarus,1,7,1,0.14285714285714285,False
2020-11-09,country,Belarus,7,7,0,0.0,False
2020-11-09,country,Belarus,14,7,0,0.0,False
2021-01-11,country,Belarus,14,8,1,0.125,False
2020-11-02,country,Belarus,14,8,0,0.0,False
2020-11-02,country,Belarus,7,8,0,0.0,False
2020-12-21,country,Belarus,30,8,0,0.0,False
2020-11-23,country,Belarus,7,8,0,0.0,False
2020-12-21,country,Belarus,14,8,0,0.0,False
2020-11-02,country,Belarus,1,8,0,0.0,False
2020-11-23,country,Belarus,30,8,0,0.0,False
2020-11-02,country,Belarus,30,8,0,0.0,False
2020-12-21,country,Belarus,7,8,0,0.0,False
2020-11-23,country,Belarus,14,8,0,0.0,False
2021-01-11,country,Belarus,7,8,0,0.0,False
2020-12-21,country,Belarus,1,8,0,0.0,False
2020-11-23,country,Belarus,1,8,0,0.0,False
2021-01-11,country,Belarus,1,8,1,0.125,False
2020-11-16,country,Belarus,14,9,0,0.0,False
2020-11-16,country,Belarus,1,9,0,0.0,False
2020-11-16,country,Belarus,7,9,1,0.1111111111111111,False
2020-11-16,country,Belarus,30,9,0,0.0,False
2020-11-30,country,Belarus,1,10,0,0.0,False
2020-11-30,country,Belarus,30,10,0,0.0,False
2020-11-30,country,Belarus,7,10,0,0.0,False
2020-11-30,country,Belarus,14,10,0,0.0,False
2021-01-18,country,Belarus,7,11,0,0.0,False
2020-12-07,country,Belarus,14,11,0,0.0,False
2021-01-18,country,Belarus,1,11,0,0.0,False
2020-12-07,country,Belarus,7,11,0,0.0,False
2020-12-07,country,Belarus,30,11,0,0.0,False
2020-12-07,country,Belarus,1,11,0,0.0,False
2021-01-04,country,Belarus,7,13,0,0.0,False
2021-01-04,country,Belarus,14,13,0,0.0,False
2021-01-04,country,Belarus,1,13,0,0.0,False
2020-12-14,country,Belarus,30,15,0,0.0,False
2020-12-14,country,Belarus,7,15,0,0.0,False
2020-12-14,country,Belarus,14,15,0,0.0,False
2020-12-14,country,Belarus,1,15,2,0.13333333333333333,False
2020-10-26,country,Belgium,7,10,0,0.0,False
2020-10-26,country,Belgium,30,10,0,0.0,False
2020-10-26,country,Belgium,14,10,0,0.0,False
2020-10-26,country,Belgium,1,10,0,0.0,False
2020-12-28,country,Belgium,30,55,0,0.0,False
2020-11-09,country,Belgium,14,60,2,0.03333333333333333,False
2020-11-09,country,Belgium,1,60,4,0.06666666666666667,False
2020-11-09,country,Belgium,30,60,0,0.0,False
2020-11-09,country,Belgium,7,60,2,0.03333333333333333,False
2021-01-25,country,Belgium,1,74,4,0.05405405405405406,False
2020-11-16,country,Belgium,7,75,1,0.013333333333333334,False
2020-11-16,country,Belgium,1,75,7,0.09333333333333334,False
2020-11-16,country,Belgium,14,75,0,0.0,False
2020-11-16,country,Belgium,30,75,0,0.0,False
2020-11-23,country,Belgium,7,77,1,0.012987012987012988,False
2020-12-28,country,Belgium,14,77,0,0.0,False
2020-11-23,country,Belgium,30,77,0,0.0,False
2020-12-28,country,Belgium,1,77,1,0.012987012987012988,False
2020-12-28,country,Belgium,7,77,0,0.0,False
2020-11-23,country,Belgium,1,77,5,0.06493506493506493,False
2020-11-23,country,Belgium,14,77,2,0.025974025974025976,False
2020-11-02,country,Belgium,7,79,1,0.012658227848101266,False
2020-11-02,country,Belgium,14,79,1,0.012658227848101266,False
2020-11-02,country,Belgium,30,79,1,0.012658227848101266,False
2020-11-02,country,Belgium,1,79,4,0.05063291139240506,False
2020-11-30,country,Belgium,1,81,3,0.037037037037037035,False
2020-11-30,country,Belgium,14,81,1,0.012345679012345678,False
2020-11-30,country,Belgium,7,81,1,0.012345679012345678,False
2020-11-30,country,Belgium,30,81,0,0.0,False
2021-01-18,country,Belgium,1,84,6,0.07142857142857142,False
2021-01-18,country,Belgium,7,84,4,0.047619047619047616,False
2020-12-21,country,Belgium,7,88,1,0.011363636363636364,False
2020-12-21,country,Belgium,30,88,0,0.0,False
2020-12-21,country,Belgium,14,88,1,0.011363636363636364,False
2020-12-21,country,Belgium,1,88,5,0.056818181818181816,False
2020-12-14,country,Belgium,7,89,1,0.011235955056179775,False
2020-12-14,country,Belgium,1,89,3,0.033707865168539325,False
2020-12-14,country,Belgium,14,89,0,0.0,False
2020-12-14,country,Belgium,30,89,0,0.0,False
2021-01-04,country,Belgium,14,94,0,0.0,False
2021-01-04,country,Belgium,7,94,2,0.02127659574468085,False
2021-01-04,country,Belgium,1,94,1,0.010638297872340425,False
2021-01-11,country,Belgium,14,98,0,0.0,False
2021-01-11,country,Belgium,1,98,5,0.05102040816326531,False
2021-01-11,country,Belgium,7,98,1,0.01020408163265306,False
2020-12-07,country,Belgium,7,117,1,0.008547008547008548,True
2020-12-07,country,Belgium,30,117,0,0.0,True
2020-12-07,country,Belgium,1,117,5,0.042735042735042736,True
2020-12-07,country,Belgium,14,117,0,0.0,True
2020-10-26,country,Bolivia,30,1,0,0.0,False
2020-10-26,country,Bolivia,7,1,0,0.0,False
2020-10-26,country,Bolivia,14,1,0,0.0,False
2020-10-26,country,Bolivia,1,1,0,0.0,False
2020-12-28,country,Bolivia,30,2,0,0.0,False
2020-11-09,country,Bolivia,14,3,0,0.0,False
2020-11-09,country,Bolivia,7,3,0,0.0,False
2021-01-25,country,Bolivia,1,3,1,0.3333333333333333,False
2020-11-09,country,Bolivia,30,3,0,0.0,False
2020-11-09,country,Bolivia,1,3,1,0.3333333333333333,False
2020-12-28,country,Bolivia,7,4,0,0.0,False
2020-12-28,country,Bolivia,1,4,0,0.0,False
2021-01-18,country,Bolivia,7,4,0,0.0,False
2020-11-16,country,Bolivia,7,4,0,0.0,False
2020-12-14,country,Bolivia,7,4,0,0.0,False
2020-12-14,country,Bolivia,30,4,0,0.0,False
2020-12-14,country,Bolivia,1,4,1,0.25,False
2020-11-16,country,Bolivia,14,4,0,0.0,False
2020-12-14,country,Bolivia,14,4,0,0.0,False
2020-12-28,country,Bolivia,14,4,0,0.0,False
2020-11-16,country,Bolivia,30,4,0,0.0,False
2020-11-16,country,Bolivia,1,4,0,0.0,False
2021-01-18,country,Bolivia,1,4,0,0.0,False
2020-12-21,country,Bolivia,30,5,0,0.0,False
2020-12-21,country,Bolivia,7,5,0,0.0,False
2020-12-21,country,Bolivia,14,5,0,0.0,False
2020-12-21,country,Bolivia,1,5,0,0.0,False
2020-11-02,country,Bolivia,1,6,0,0.0,False
2020-11-02,country,Bolivia,30,6,0,0.0,False
2020-11-02,country,Bolivia,7,6,0,0.0,False
2020-11-30,country,Bolivia,1,6,0,0.0,False
2020-11-30,country,Bolivia,14,6,0,0.0,False
2020-11-30,country,Bolivia,7,6,0,0.0,False
2020-11-02,country,Bolivia,14,6,0,0.0,False
2020-11-30,country,Bolivia,30,6,0,0.0,False
2020-12-07,country,Bolivia,30,7,0,0.0,False
2021-01-11,country,Bolivia,7,7,0,0.0,False
2021-01-04,country,Bolivia,14,7,0,0.0,False
2021-01-04,country,Bolivia,1,7,0,0.0,False
2021-01-11,country,Bolivia,14,7,0,0.0,False
2020-12-07,country,Bolivia,14,7,0,0.0,False
2020-12-07,country,Bolivia,7,7,0,0.0,False
2020-12-07,country,Bolivia,1,7,0,0.0,False
2021-01-11,country,Bolivia,1,7,1,0.14285714285714285,False
2021-01-04,country,Bolivia,7,7,0,0.0,False
2020-11-23,country,Bolivia,30,8,0,0.0,False
2020-11-23,country,Bolivia,14,8,0,0.0,False
2020-11-23,country,Bolivia,1,8,0,0.0,False
2020-11-23,country,Bolivia,7,8,0,0.0,False
2020-10-26,country,Bosnia & Herzegovina,14,1,0,0.0,False
2020-10-26,country,Bosnia & Herzegovina,1,1,0,0.0,False
2020-10-26,country,Bosnia & Herzegovina,7,1,0,0.0,False
2020-10-26,country,Bosnia & Herzegovina,30,1,0,0.0,False
2020-11-23,country,Bosnia & Herzegovina,30,2,0,0.0,False
2020-11-23,country,Bosnia & Herzegovina,7,2,0,0.0,False
2020-11-23,country,Bosnia & Herzegovina,1,2,0,0.0,False
2020-11-23,country,Bosnia & Herzegovina,14,2,0,0.0,False
2021-01-25,country,Bosnia & Herzegovina,1,3,1,0.3333333333333333,False
2020-12-14,country,Bosnia & Herzegovina,7,3,0,0.0,False
2020-12-14,country,Bosnia & Herzegovina,30,3,0,0.0,False
2020-12-14,country,Bosnia & Herzegovina,1,3,0,0.0,False
2020-12-14,country,Bosnia & Herzegovina,14,3,0,0.0,False
2020-11-02,country,Bosnia & Herzegovina,7,4,0,0.0,False
2020-11-02,country,Bosnia & Herzegovina,1,4,0,0.0,False
2021-01-18,country,Bosnia & Herzegovina,1,4,0,0.0,False
2021-01-11,country,Bosnia & Herzegovina,14,4,0,0.0,False
2021-01-11,country,Bosnia & Herzegovina,1,4,0,0.0,False
2020-11-02,country,Bosnia & Herzegovina,14,4,0,0.0,False
2021-01-11,country,Bosnia & Herzegovina,7,4,0,0.0,False
2020-11-02,country,Bosnia & Herzegovina,30,4,0,0.0,False
2021-01-18,country,Bosnia & Herzegovina,7,4,0,0.0,False
2021-01-04,country,Bosnia & Herzegovina,7,5,0,0.0,False
2020-11-16,country,Bosnia & Herzegovina,7,5,0,0.0,False
2020-12-21,country,Bosnia & Herzegovina,1,5,0,0.0,False
2020-11-16,country,Bosnia & Herzegovina,1,5,0,0.0,False
2020-11-09,country,Bosnia & Herzegovina,30,5,0,0.0,False
2020-11-16,country,Bosnia & Herzegovina,30,5,0,0.0,False
2020-11-09,country,Bosnia & Herzegovina,1,5,0,0.0,False
2021-01-04,country,Bosnia & Herzegovina,1,5,0,0.0,False
2020-11-09,country,Bosnia & Herzegovina,7,5,0,0.0,False
2020-11-09,country,Bosnia & Herzegovina,14,5,0,0.0,False
2021-01-04,country,Bosnia & Herzegovina,14,5,0,0.0,False
2020-12-21,country,Bosnia & Herzegovina,7,5,0,0.0,False
2020-11-16,country,Bosnia & Herzegovina,14,5,0,0.0,False
2020-12-21,country,Bosnia & Herzegovina,14,5,0,0.0,False
2020-12-21,country,Bosnia & Herzegovina,30,5,0,0.0,False
2020-11-30,country,Bosnia & Herzegovina,14,9,0,0.0,False
2020-11-30,country,Bosnia & Herzegovina,7,9,0,0.0,False
2020-11-30,country,Bosnia & Herzegovina,30,9,0,0.0,False
2020-11-30,country,Bosnia & Herzegovina,1,9,3,0.3333333333333333,False
2020-12-07,country,Bosnia & Herzegovina,1,10,0,0.0,False
2020-12-07,country,Bosnia & Herzegovina,14,10,0,0.0,False
2020-12-07,country,Bosnia & Herzegovina,30,10,0,0.0,False
2020-12-07,country,Bosnia & Herzegovina,7,10,0,0.0,False
2020-10-26,country,Brazil,1,16,2,0.125,False
2020-10-26,country,Brazil,30,16,0,0.0,False
2020-10-26,country,Brazil,7,16,0,0.0,False
2020-10-26,country,Brazil,14,16,0,0.0,False
2020-12-28,country,Brazil,30,122,0,0.0,True
2021-01-25,country,Brazil,1,156,6,0.038461538461538464,True
2020-12-28,country,Brazil,14,161,1,0.006211180124223602,True
2020-12-28,country,Brazil,7,161,0,0.0,True
2020-12-28,country,Brazil,1,161,5,0.031055900621118012,True
2020-12-21,country,Brazil,7,164,1,0.006097560975609756,True
2020-12-21,country,Brazil,1,164,3,0.018292682926829267,True
2020-12-21,country,Brazil,30,164,0,0.0,True
2020-12-21,country,Brazil,14,164,0,0.0,True
2020-11-09,country,Brazil,14,171,1,0.005847953216374269,True
2020-11-09,country,Brazil,1,171,12,0.07017543859649122,True
2020-11-09,country,Brazil,30,171,2,0.011695906432748537,True
2020-11-09,country,Brazil,7,171,3,0.017543859649122806,True
2020-11-23,country,Brazil,14,183,1,0.00546448087431694,True
2020-11-23,country,Brazil,7,183,2,0.01092896174863388,True
2020-11-23,country,Brazil,30,183,0,0.0,True
2020-11-23,country,Brazil,1,183,13,0.07103825136612021,True
2020-11-02,country,Brazil,14,185,1,0.005405405405405406,True
2020-11-02,country,Brazil,30,185,0,0.0,True
2020-11-02,country,Brazil,1,185,13,0.07027027027027027,True
2020-11-02,country,Brazil,7,185,1,0.005405405405405406,True
2020-11-16,country,Brazil,30,189,0,0.0,True
2020-11-16,country,Brazil,14,189,1,0.005291005291005291,True
2020-11-16,country,Brazil,1,189,17,0.08994708994708994,True
2020-11-16,country,Brazil,7,189,5,0.026455026455026454,True
2021-01-18,country,Brazil,1,212,11,0.05188679245283019,True
2021-01-18,country,Brazil,7,212,2,0.009433962264150943,True
2020-11-30,country,Brazil,1,229,15,0.06550218340611354,True
2020-11-30,country,Brazil,7,229,1,0.004366812227074236,True
2020-11-30,country,Brazil,30,229,0,0.0,True
2020-11-30,country,Brazil,14,229,3,0.013100436681222707,True
2021-01-11,country,Brazil,7,235,0,0.0,True
2021-01-11,country,Brazil,1,235,6,0.02553191489361702,True
2021-01-11,country,Brazil,14,235,1,0.00425531914893617,True
2021-01-04,country,Brazil,1,237,6,0.02531645569620253,True
2021-01-04,country,Brazil,14,237,1,0.004219409282700422,True
2021-01-04,country,Brazil,7,237,0,0.0,True
2020-12-14,country,Brazil,1,242,12,0.049586776859504134,True
2020-12-14,country,Brazil,30,242,0,0.0,True
2020-12-14,country,Brazil,7,242,1,0.004132231404958678,True
2020-12-14,country,Brazil,14,242,1,0.004132231404958678,True
2020-12-07,country,Brazil,30,296,0,0.0,True
2020-12-07,country,Brazil,7,296,1,0.0033783783783783786,True
2020-12-07,country,Brazil,1,296,15,0.05067567567567568,True
2020-12-07,country,Brazil,14,296,0,0.0,True
2020-10-26,country,Bulgaria,14,2,0,0.0,False
2020-10-26,country,Bulgaria,1,2,0,0.0,False
2020-10-26,country,Bulgaria,7,2,0,0.0,False
2020-10-26,country,Bulgaria,30,2,0,0.0,False
2020-12-28,country,Bulgaria,30,15,0,0.0,False
2020-12-21,country,Bulgaria,14,18,0,0.0,False
2020-12-21,country,Bulgaria,1,18,1,0.05555555555555555,False
2020-12-21,country,Bulgaria,7,18,1,0.05555555555555555,False
2020-12-21,country,Bulgaria,30,18,0,0.0,False
2020-12-28,country,Bulgaria,7,19,0,0.0,False
2020-12-28,country,Bulgaria,1,19,0,0.0,False
2020-12-28,country,Bulgaria,14,19,0,0.0,False
2021-01-25,country,Bulgaria,1,19,0,0.0,False
2020-11-23,country,Bulgaria,7,20,0,0.0,False
2021-01-18,country,Bulgaria,1,20,0,0.0,False
2020-11-23,country,Bulgaria,1,20,0,0.0,False
2020-12-14,country,Bulgaria,14,20,0,0.0,False
2020-12-14,country,Bulgaria,1,20,1,0.05,False
2020-11-23,country,Bulgaria,14,20,0,0.0,False
2020-12-14,country,Bulgaria,7,20,0,0.0,False
2021-01-18,country,Bulgaria,7,20,0,0.0,False
2020-12-14,country,Bulgaria,30,20,0,0.0,False
2020-11-23,country,Bulgaria,30,20,0,0.0,False
2020-11-16,country,Bulgaria,30,23,0,0.0,False
2020-11-02,country,Bulgaria,7,23,0,0.0,False
2020-11-16,country,Bulgaria,7,23,0,0.0,False
2020-11-16,country,Bulgaria,1,23,2,0.08695652173913043,False
2020-11-02,country,Bulgaria,30,23,0,0.0,False
2020-11-16,country,Bulgaria,14,23,0,0.0,False
2021-01-04,country,Bulgaria,14,23,0,0.0,False
2020-11-02,country,Bulgaria,14,23,0,0.0,False
2021-01-04,country,Bulgaria,1,23,1,0.043478260869565216,False
2021-01-04,country,Bulgaria,7,23,0,0.0,False
2020-11-02,country,Bulgaria,1,23,2,0.08695652173913043,False
2020-11-30,country,Bulgaria,14,25,0,0.0,False
2020-11-30,country,Bulgaria,1,25,1,0.04,False
2020-11-09,country,Bulgaria,30,25,0,0.0,False
2020-11-30,country,Bulgaria,30,25,0,0.0,False
2020-11-09,country,Bulgaria,7,25,0,0.0,False
2020-11-09,country,Bulgaria,14,25,0,0.0,False
2020-11-30,country,Bulgaria,7,25,0,0.0,False
2020-11-09,country,Bulgaria,1,25,3,0.12,False
2021-01-11,country,Bulgaria,14,33,0,0.0,False
2021-01-11,country,Bulgaria,1,33,0,0.0,False
2021-01-11,country,Bulgaria,7,33,0,0.0,False
2020-12-07,country,Bulgaria,1,40,1,0.025,False
2020-12-07,country,Bulgaria,7,40,0,0.0,False
2020-12-07,country,Bulgaria,30,40,0,0.0,False
2020-12-07,country,Bulgaria,14,40,0,0.0,False
2020-12-28,country,Cambodia,30,1,0,0.0,False
2020-11-23,country,Cambodia,14,3,0,0.0,False
2020-10-26,country,Cambodia,30,3,0,0.0,False
2020-11-23,country,Cambodia,7,3,0,0.0,False
2020-10-26,country,Cambodia,1,3,0,0.0,False
2020-10-26,country,Cambodia,7,3,0,0.0,False
2020-11-23,country,Cambodia,1,3,1,0.3333333333333333,False
2020-11-23,country,Cambodia,30,3,0,0.0,False
2020-10-26,country,Cambodia,14,3,0,0.0,False
2020-11-30,country,Cambodia,7,5,0,0.0,False
2020-11-30,country,Cambodia,1,5,0,0.0,False
2020-11-30,country,Cambodia,14,5,0,0.0,False
2020-11-30,country,Cambodia,30,5,0,0.0,False
2020-12-14,country,Cambodia,14,6,0,0.0,False
2020-12-14,country,Cambodia,30,6,0,0.0,False
2020-11-16,country,Cambodia,1,6,0,0.0,False
2020-11-16,country,Cambodia,14,6,0,0.0,False
2020-12-14,country,Cambodia,1,6,0,0.0,False
2020-11-16,country,Cambodia,7,6,1,0.16666666666666666,False
2020-12-14,country,Cambodia,7,6,0,0.0,False
2020-11-16,country,Cambodia,30,6,0,0.0,False
2020-12-28,country,Cambodia,7,7,0,0.0,False
2020-11-09,country,Cambodia,1,7,1,0.14285714285714285,False
2020-12-21,country,Cambodia,14,7,0,0.0,False
2020-12-21,country,Cambodia,1,7,0,0.0,False
2020-12-28,country,Cambodia,14,7,0,0.0,False
2020-11-09,country,Cambodia,14,7,0,0.0,False
2020-11-09,country,Cambodia,7,7,0,0.0,False
2020-11-09,country,Cambodia,30,7,0,0.0,False
2020-12-21,country,Cambodia,7,7,0,0.0,False
2020-12-21,country,Cambodia,30,7,0,0.0,False
2020-12-28,country,Cambodia,1,7,0,0.0,False
2020-12-07,country,Cambodia,7,8,0,0.0,False
2020-12-07,country,Cambodia,1,8,0,0.0,False
2020-12-07,country,Cambodia,30,8,0,0.0,False
2020-12-07,country,Cambodia,14,8,0,0.0,False
2020-11-02,country,Cambodia,14,9,0,0.0,False
2021-01-25,country,Cambodia,1,9,0,0.0,False
2020-11-02,country,Cambodia,1,9,0,0.0,False
2020-11-02,country,Cambodia,7,9,0,0.0,False
2020-11-02,country,Cambodia,30,9,0,0.0,False
2021-01-18,country,Cambodia,1,11,2,0.18181818181818182,False
2021-01-18,country,Cambodia,7,11,0,0.0,False
2021-01-11,country,Cambodia,7,12,0,0.0,False
2021-01-11,country,Cambodia,1,12,0,0.0,False
2021-01-11,country,Cambodia,14,12,0,0.0,False
2021-01-04,country,Cambodia,7,13,0,0.0,False
2021-01-04,country,Cambodia,14,13,0,0.0,False
2021-01-04,country,Cambodia,1,13,0,0.0,False
2020-10-26,country,Canada,30,165,1,0.006060606060606061,True
2020-10-26,country,Canada,1,165,8,0.048484848484848485,True
2020-10-26,country,Canada,14,165,1,0.006060606060606061,True
2020-10-26,country,Canada,7,165,0,0.0,True
2020-12-28,country,Canada,30,926,1,0.0010799136069114472,True
2020-11-09,country,Canada,7,1198,18,0.015025041736227046,True
2020-11-09,country,Canada,1,1198,76,0.06343906510851419,True
2020-11-09,country,Canada,30,1198,4,0.00333889816360601,True
2020-11-09,country,Canada,14,1198,9,0.007512520868113523,True
2020-12-21,country,Canada,7,1251,3,0.002398081534772182,True
2020-12-21,country,Canada,14,1251,2,0.0015987210231814548,True
2020-12-21,country,Canada,1,1251,35,0.027977617905675458,True
2020-12-21,country,Canada,30,1251,0,0.0,True
2020-12-28,country,Canada,7,1267,5,0.003946329913180742,True
2020-12-28,country,Canada,1,1267,50,0.03946329913180742,True
2020-12-28,country,Canada,14,1267,0,0.0,True
2021-01-25,country,Canada,1,1294,58,0.04482225656877898,True
2020-11-16,country,Canada,1,1349,83,0.061527057079318014,True
2020-11-16,country,Canada,7,1349,15,0.01111934766493699,True
2020-11-16,country,Canada,14,1349,20,0.014825796886582653,True
2020-11-16,country,Canada,30,1349,4,0.0029651593773165306,True
2020-11-02,country,Canada,7,1452,24,0.01652892561983471,True
2020-11-02,country,Canada,1,1452,92,0.06336088154269973,True
2020-11-02,country,Canada,30,1452,5,0.003443526170798898,True
2020-11-02,country,Canada,14,1452,10,0.006887052341597796,True
2020-11-23,country,Canada,30,1481,1,0.0006752194463200541,True
2020-11-23,country,Canada,7,1481,8,0.0054017555705604325,True
2020-11-23,country,Canada,14,1481,8,0.0054017555705604325,True
2020-11-23,country,Canada,1,1481,79,0.053342336259284265,True
2021-01-18,country,Canada,7,1532,15,0.0097911227154047,True
2021-01-18,country,Canada,1,1532,65,0.04242819843342036,True
2021-01-11,country,Canada,1,1625,57,0.035076923076923075,True
2021-01-11,country,Canada,7,1625,11,0.00676923076923077,True
2021-01-11,country,Canada,14,1625,4,0.0024615384615384616,True
2021-01-04,country,Canada,1,1666,56,0.03361344537815126,True
2021-01-04,country,Canada,7,1666,12,0.007202881152460984,True
2021-01-04,country,Canada,14,1666,4,0.0024009603841536613,True
2020-11-30,country,Canada,30,1746,3,0.001718213058419244,True
2020-11-30,country,Canada,7,1746,19,0.010882016036655211,True
2020-11-30,country,Canada,1,1746,98,0.056128293241695305,True
2020-11-30,country,Canada,14,1746,11,0.006300114547537228,True
2020-12-14,country,Canada,30,1930,2,0.0010362694300518134,True
2020-12-14,country,Canada,1,1930,62,0.03212435233160622,True
2020-12-14,country,Canada,14,1930,5,0.0025906735751295338,True
2020-12-14,country,Canada,7,1930,8,0.004145077720207254,True
2020-12-07,country,Canada,7,2156,7,0.003246753246753247,True
2020-12-07,country,Canada,14,2156,3,0.0013914656771799629,True
2020-12-07,country,Canada,30,2156,2,0.0009276437847866419,True
2020-12-07,country,Canada,1,2156,94,0.04359925788497217,True
2020-10-26,country,Chile,30,5,0,0.0,False
2020-10-26,country,Chile,14,5,0,0.0,False
2020-10-26,country,Chile,7,5,0,0.0,False
2020-10-26,country,Chile,1,5,0,0.0,False
2020-12-28,country,Chile,30,23,0,0.0,False
2021-01-25,country,Chile,1,27,1,0.037037037037037035,False
2020-12-28,country,Chile,1,29,1,0.034482758620689655,False
2020-12-28,country,Chile,7,29,0,0.0,False
2020-12-28,country,Chile,14,29,0,0.0,False
2020-12-21,country,Chile,30,30,0,0.0,False
2020-12-21,country,Chile,1,30,0,0.0,False
2020-12-21,country,Chile,7,30,0,0.0,False
2020-12-21,country,Chile,14,30,0,0.0,False
2021-01-11,country,Chile,14,31,1,0.03225806451612903,False
2021-01-11,country,Chile,7,31,0,0.0,False
2021-01-11,country,Chile,1,31,0,0.0,False
2020-11-16,country,Chile,7,33,2,0.06060606060606061,False
2020-11-16,country,Chile,1,33,1,0.030303030303030304,False
2020-11-16,country,Chile,14,33,0,0.0,False
2020-11-16,country,Chile,30,33,0,0.0,False
2021-01-18,country,Chile,7,34,0,0.0,False
2021-01-18,country,Chile,1,34,1,0.029411764705882353,False
2020-11-09,country,Chile,1,35,3,0.08571428571428572,False
2020-11-09,country,Chile,7,35,0,0.0,False
2020-11-09,country,Chile,30,35,0,0.0,False
2020-11-09,country,Chile,14,35,0,0.0,False
2020-11-30,country,Chile,30,36,0,0.0,False
2020-11-23,country,Chile,30,36,0,0.0,False
2020-11-23,country,Chile,7,36,0,0.0,False
2020-11-30,country,Chile,14,36,0,0.0,False
2020-11-30,country,Chile,1,36,1,0.027777777777777776,False
2020-11-30,country,Chile,7,36,0,0.0,False
2020-11-23,country,Chile,14,36,0,0.0,False
2020-11-23,country,Chile,1,36,3,0.08333333333333333,False
2020-11-02,country,Chile,30,40,0,0.0,False
2020-11-02,country,Chile,14,40,0,0.0,False
2020-11-02,country,Chile,1,40,3,0.075,False
2020-11-02,country,Chile,7,40,2,0.05,False
2020-12-07,country,Chile,7,42,1,0.023809523809523808,False
2020-12-07,country,Chile,1,42,1,0.023809523809523808,False
2020-12-14,country,Chile,1,42,4,0.09523809523809523,False
2020-12-07,country,Chile,30,42,0,0.0,False
2020-12-07,country,Chile,14,42,0,0.0,False
2021-01-04,country,Chile,7,42,1,0.023809523809523808,False
2021-01-04,country,Chile,1,42,1,0.023809523809523808,False
2021-01-04,country,Chile,14,42,0,0.0,False
2020-12-14,country,Chile,14,42,1,0.023809523809523808,False
2020-12-14,country,Chile,7,42,0,0.0,False
2020-12-14,country,Chile,30,42,0,0.0,False
2020-10-26,country,China,7,35,0,0.0,False
2020-10-26,country,China,14,35,0,0.0,False
2020-10-26,country,China,1,35,1,0.02857142857142857,False
2020-10-26,country,China,30,35,0,0.0,False
2020-12-28,country,China,30,238,0,0.0,True
2020-11-09,country,China,30,275,0,0.0,True
2020-11-09,country,China,7,275,3,0.01090909090909091,True
2020-11-09,country,China,1,275,13,0.04727272727272727,True
2020-11-09,country,China,14,275,4,0.014545454545454545,True
2021-01-25,country,China,1,278,13,0.046762589928057555,True
2020-12-21,country,China,1,299,8,0.026755852842809364,True
2020-12-21,country,China,7,299,4,0.013377926421404682,True
2020-12-21,country,China,30,299,0,0.0,True
2020-12-21,country,China,14,299,0,0.0,True
2020-11-16,country,China,30,302,1,0.0033112582781456954,True
2020-11-16,country,China,1,302,10,0.033112582781456956,True
2020-11-16,country,China,7,302,4,0.013245033112582781,True
2020-11-16,country,China,14,302,1,0.0033112582781456954,True
2020-11-23,country,China,30,327,0,0.0,True
2020-11-23,country,China,7,327,2,0.0061162079510703364,True
2020-11-23,country,China,14,327,0,0.0,True
2020-11-23,country,China,1,327,9,0.027522935779816515,True
2020-12-28,country,China,7,335,0,0.0,True
2020-12-28,country,China,14,335,1,0.0029850746268656717,True
2020-12-28,country,China,1,335,8,0.023880597014925373,True
2021-01-18,country,China,7,336,0,0.0,True
2021-01-18,country,China,1,336,9,0.026785714285714284,True
2020-11-02,country,China,14,348,1,0.0028735632183908046,True
2020-11-02,country,China,1,348,22,0.06321839080459771,True
2020-11-02,country,China,30,348,1,0.0028735632183908046,True
2020-11-02,country,China,7,348,9,0.02586206896551724,True
2021-01-11,country,China,1,363,18,0.049586776859504134,True
2021-01-11,country,China,7,363,5,0.013774104683195593,True
2021-01-11,country,China,14,363,2,0.005509641873278237,True
2021-01-04,country,China,1,377,12,0.03183023872679045,True
2021-01-04,country,China,14,377,0,0.0,True
2021-01-04,country,China,7,377,4,0.010610079575596816,True
2020-12-14,country,China,7,406,1,0.0024630541871921183,True
2020-12-14,country,China,30,406,0,0.0,True
2020-12-14,country,China,1,406,22,0.054187192118226604,True
2020-12-14,country,China,14,406,0,0.0,True
2020-11-30,country,China,14,418,3,0.007177033492822967,True
2020-11-30,country,China,7,418,5,0.011961722488038277,True
2020-11-30,country,China,30,418,1,0.0023923444976076554,True
2020-11-30,country,China,1,418,23,0.05502392344497608,True
2020-12-07,country,China,1,488,19,0.0389344262295082,True
2020-12-07,country,China,14,488,0,0.0,True
2020-12-07,country,China,7,488,7,0.014344262295081968,True
2020-12-07,country,China,30,488,1,0.0020491803278688526,True
2020-10-26,country,Colombia,7,5,0,0.0,False
2020-10-26,country,Colombia,1,5,0,0.0,False
2020-10-26,country,Colombia,30,5,0,0.0,False
2020-10-26,country,Colombia,14,5,0,0.0,False
2020-12-28,country,Colombia,30,55,0,0.0,False
2020-11-09,country,Colombia,7,59,2,0.03389830508474576,False
2020-11-09,country,Colombia,1,59,7,0.11864406779661017,False
2020-11-09,country,Colombia,14,59,2,0.03389830508474576,False
2020-11-09,country,Colombia,30,59,0,0.0,False
2020-12-21,country,Colombia,7,75,0,0.0,False
2020-12-21,country,Colombia,14,75,0,0.0,False
2020-12-21,country,Colombia,1,75,3,0.04,False
2020-12-21,country,Colombia,30,75,0,0.0,False
2020-12-28,country,Colombia,14,76,0,0.0,False
2020-12-28,country,Colombia,7,76,0,0.0,False
2020-12-28,country,Colombia,1,76,1,0.013157894736842105,False
2020-11-16,country,Colombia,1,82,6,0.07317073170731707,False
2020-11-16,country,Colombia,14,82,1,0.012195121951219513,False
2020-11-16,country,Colombia,30,82,0,0.0,False
2020-11-16,country,Colombia,7,82,0,0.0,False
2021-01-25,country,Colombia,1,85,3,0.03529411764705882,False
2020-11-02,country,Colombia,7,90,1,0.011111111111111112,False
2020-11-02,country,Colombia,14,90,1,0.011111111111111112,False
2020-11-02,country,Colombia,30,90,1,0.011111111111111112,False
2020-11-02,country,Colombia,1,90,7,0.07777777777777778,False
2021-01-18,country,Colombia,1,97,4,0.041237113402061855,False
2021-01-18,country,Colombia,7,97,1,0.010309278350515464,False
2020-11-23,country,Colombia,7,101,0,0.0,True
2020-11-23,country,Colombia,30,101,0,0.0,True
2020-11-23,country,Colombia,14,101,1,0.009900990099009901,True
2020-11-23,country,Colombia,1,101,5,0.04950495049504951,True
2021-01-11,country,Colombia,14,116,2,0.017241379310344827,True
2021-01-11,country,Colombia,1,116,4,0.034482758620689655,True
2021-01-11,country,Colombia,7,116,0,0.0,True
2020-11-30,country,Colombia,7,121,2,0.01652892561983471,True
2020-11-30,country,Colombia,30,121,0,0.0,True
2020-12-14,country,Colombia,14,121,0,0.0,True
2020-11-30,country,Colombia,1,121,7,0.05785123966942149,True
2020-12-14,country,Colombia,30,121,0,0.0,True
2020-12-14,country,Colombia,1,121,5,0.04132231404958678,True
2020-11-30,country,Colombia,14,121,2,0.01652892561983471,True
2020-12-14,country,Colombia,7,121,0,0.0,True
2021-01-04,country,Colombia,14,122,2,0.01639344262295082,True
2021-01-04,country,Colombia,7,122,0,0.0,True
2021-01-04,country,Colombia,1,122,2,0.01639344262295082,True
2020-12-07,country,Colombia,1,128,3,0.0234375,True
2020-12-07,country,Colombia,14,128,0,0.0,True
2020-12-07,country,Colombia,30,128,0,0.0,True
2020-12-07,country,Colombia,7,128,1,0.0078125,True
2020-10-26,country,Costa Rica,7,1,0,0.0,False
2020-10-26,country,Costa Rica,1,1,0,0.0,False
2020-10-26,country,Costa Rica,30,1,0,0.0,False
2020-10-26,country,Costa Rica,14,1,0,0.0,False
2020-12-28,country,Costa Rica,30,3,0,0.0,False
2020-12-28,country,Costa Rica,14,5,0,0.0,False
2020-12-28,country,Costa Rica,1,5,1,0.2,False
2020-12-28,country,Costa Rica,7,5,0,0.0,False
2021-01-11,country,Costa Rica,1,6,0,0.0,False
2021-01-11,country,Costa Rica,7,6,0,0.0,False
2021-01-11,country,Costa Rica,14,6,0,0.0,False
2020-11-16,country,Costa Rica,30,8,0,0.0,False
2021-01-25,country,Costa Rica,1,8,0,0.0,False
2020-11-16,country,Costa Rica,7,8,0,0.0,False
2020-12-21,country,Costa Rica,14,8,0,0.0,False
2020-12-21,country,Costa Rica,7,8,0,0.0,False
2020-11-16,country,Costa Rica,14,8,0,0.0,False
2020-11-16,country,Costa Rica,1,8,1,0.125,False
2020-12-21,country,Costa Rica,30,8,0,0.0,False
2020-12-21,country,Costa Rica,1,8,0,0.0,False
2020-11-09,country,Costa Rica,7,9,0,0.0,False
2020-11-09,country,Costa Rica,1,9,0,0.0,False
2020-11-09,country,Costa Rica,14,9,1,0.1111111111111111,False
2020-11-09,country,Costa Rica,30,9,0,0.0,False
2020-11-30,country,Costa Rica,1,11,0,0.0,False
2020-11-30,country,Costa Rica,30,11,0,0.0,False
2020-11-30,country,Costa Rica,7,11,0,0.0,False
2021-01-18,country,Costa Rica,1,11,0,0.0,False
2020-11-30,country,Costa Rica,14,11,0,0.0,False
2021-01-18,country,Costa Rica,7,11,0,0.0,False
2020-11-02,country,Costa Rica,1,12,0,0.0,False
2020-12-07,country,Costa Rica,1,12,2,0.16666666666666666,False
2020-11-02,country,Costa Rica,30,12,0,0.0,False
2020-12-07,country,Costa Rica,30,12,0,0.0,False
2020-12-07,country,Costa Rica,7,12,0,0.0,False
2020-12-07,country,Costa Rica,14,12,0,0.0,False
2020-11-02,country,Costa Rica,14,12,0,0.0,False
2020-11-02,country,Costa Rica,7,12,0,0.0,False
2020-12-14,country,Costa Rica,14,15,0,0.0,False
2020-11-23,country,Costa Rica,30,15,0,0.0,False
2020-11-23,country,Costa Rica,7,15,0,0.0,False
2020-12-14,country,Costa Rica,7,15,0,0.0,False
2020-12-14,country,Costa Rica,1,15,0,0.0,False
2020-11-23,country,Costa Rica,1,15,0,0.0,False
2020-11-23,country,Costa Rica,14,15,0,0.0,False
2020-12-14,country,Costa Rica,30,15,0,0.0,False
2021-01-04,country,Costa Rica,14,17,0,0.0,False
2021-01-04,country,Costa Rica,7,17,0,0.0,False
2021-01-04,country,Costa Rica,1,17,2,0.11764705882352941,False
2020-12-21,country,Croatia,14,13,0,0.0,False
2020-12-21,country,Croatia,1,13,1,0.07692307692307693,False
2020-12-21,country,Croatia,7,13,0,0.0,False
2020-12-21,country,Croatia,30,13,0,0.0,False
2020-12-28,country,Croatia,30,13,0,0.0,False
2020-11-16,country,Croatia,14,14,0,0.0,False
2020-11-02,country,Croatia,30,14,0,0.0,False
2020-11-02,country,Croatia,14,14,0,0.0,False
2020-11-02,country,Croatia,1,14,1,0.07142857142857142,False
2020-11-16,country,Croatia,1,14,1,0.07142857142857142,False
2020-11-16,country,Croatia,7,14,0,0.0,False
2020-11-02,country,Croatia,7,14,0,0.0,False
2020-11-16,country,Croatia,30,14,0,0.0,False
2021-01-25,country,Croatia,1,17,0,0.0,False
2020-12-28,country,Croatia,7,18,0,0.0,False
2020-12-28,country,Croatia,14,18,0,0.0,False
2020-12-28,country,Croatia,1,18,1,0.05555555555555555,False
2020-11-09,country,Croatia,1,22,1,0.045454545454545456,False
2020-11-09,country,Croatia,30,22,0,0.0,False
2020-11-09,country,Croatia,14,22,0,0.0,False
2020-11-09,country,Croatia,7,22,0,0.0,False
2021-01-18,country,Croatia,1,25,2,0.08,False
2021-01-18,country,Croatia,7,25,0,0.0,False
2021-01-11,country,Croatia,7,27,0,0.0,False
2021-01-11,country,Croatia,14,27,0,0.0,False
2021-01-11,country,Croatia,1,27,2,0.07407407407407407,False
2021-01-04,country,Croatia,1,29,0,0.0,False
2021-01-04,country,Croatia,14,29,0,0.0,False
2021-01-04,country,Croatia,7,29,0,0.0,False
2020-11-30,country,Croatia,1,30,1,0.03333333333333333,False
2020-11-30,country,Croatia,7,30,1,0.03333333333333333,False
2020-11-30,country,Croatia,30,30,0,0.0,False
2020-11-30,country,Croatia,14,30,0,0.0,False
2020-11-23,country,Croatia,1,31,4,0.12903225806451613,False
2020-11-23,country,Croatia,30,31,0,0.0,False
2020-11-23,country,Croatia,7,31,0,0.0,False
2020-11-23,country,Croatia,14,31,0,0.0,False
2020-12-14,country,Croatia,1,40,7,0.175,False
2020-12-14,country,Croatia,14,40,0,0.0,False
2020-12-14,country,Croatia,7,40,1,0.025,False
2020-12-14,country,Croatia,30,40,0,0.0,False
2020-12-07,country,Croatia,7,45,1,0.022222222222222223,False
2020-12-07,country,Croatia,14,45,0,0.0,False
2020-12-07,country,Croatia,1,45,2,0.044444444444444446,False
2020-12-07,country,Croatia,30,45,1,0.022222222222222223,False
2020-11-09,country,Cyprus,1,3,0,0.0,False
2020-11-09,country,Cyprus,30,3,0,0.0,False
2020-11-09,country,Cyprus,14,3,0,0.0,False
2020-11-16,country,Cyprus,14,3,0,0.0,False
2020-11-16,country,Cyprus,7,3,0,0.0,False
2020-11-16,country,Cyprus,30,3,0,0.0,False
2020-11-09,country,Cyprus,7,3,0,0.0,False
2020-11-16,country,Cyprus,1,3,0,0.0,False
2021-01-04,country,Cyprus,1,4,0,0.0,False
2021-01-04,country,Cyprus,14,4,0,0.0,False
2021-01-04,country,Cyprus,7,4,0,0.0,False
2021-01-18,country,Cyprus,1,5,1,0.2,False
2021-01-18,country,Cyprus,7,5,0,0.0,False
2020-12-21,country,Cyprus,14,6,0,0.0,False
2020-12-21,country,Cyprus,1,6,0,0.0,False
2020-12-21,country,Cyprus,7,6,0,0.0,False
2020-12-21,country,Cyprus,30,6,0,0.0,False
2020-12-28,country,Cyprus,30,6,0,0.0,False
2021-01-11,country,Cyprus,14,7,0,0.0,False
2021-01-11,country,Cyprus,1,7,0,0.0,False
2021-01-11,country,Cyprus,7,7,0,0.0,False
2020-11-02,country,Cyprus,14,8,0,0.0,False
2021-01-25,country,Cyprus,1,8,0,0.0,False
2020-11-23,country,Cyprus,1,8,0,0.0,False
2020-11-23,country,Cyprus,14,8,0,0.0,False
2020-11-02,country,Cyprus,1,8,2,0.25,False
2020-11-02,country,Cyprus,7,8,0,0.0,False
2020-11-02,country,Cyprus,30,8,0,0.0,False
2020-11-23,country,Cyprus,7,8,0,0.0,False
2020-11-23,country,Cyprus,30,8,0,0.0,False
2020-12-28,country,Cyprus,1,9,0,0.0,False
2020-12-28,country,Cyprus,7,9,0,0.0,False
2020-12-28,country,Cyprus,14,9,0,0.0,False
2020-12-14,country,Cyprus,7,10,0,0.0,False
2020-12-14,country,Cyprus,14,10,0,0.0,False
2020-12-07,country,Cyprus,1,10,0,0.0,False
2020-12-14,country,Cyprus,1,10,0,0.0,False
2020-12-07,country,Cyprus,14,10,0,0.0,False
2020-12-07,country,Cyprus,7,10,0,0.0,False
2020-12-14,country,Cyprus,30,10,0,0.0,False
2020-12-07,country,Cyprus,30,10,0,0.0,False
2020-11-30,country,Cyprus,14,14,0,0.0,False
2020-11-30,country,Cyprus,1,14,1,0.07142857142857142,False
2020-11-30,country,Cyprus,7,14,0,0.0,False
2020-11-30,country,Cyprus,30,14,0,0.0,False
2020-10-26,country,Czechia,30,7,0,0.0,False
2020-10-26,country,Czechia,1,7,0,0.0,False
2020-10-26,country,Czechia,14,7,0,0.0,False
2020-10-26,country,Czechia,7,7,0,0.0,False
2020-11-09,country,Czechia,14,30,0,0.0,False
2020-11-09,country,Czechia,7,30,1,0.03333333333333333,False
2020-12-28,country,Czechia,30,30,0,0.0,False
2020-11-09,country,Czechia,1,30,1,0.03333333333333333,False
2020-11-09,country,Czechia,30,30,0,0.0,False
2020-12-28,country,Czechia,14,42,0,0.0,False
2020-12-28,country,Czechia,1,42,5,0.11904761904761904,False
2020-12-28,country,Czechia,7,42,0,0.0,False
2021-01-25,country,Czechia,1,45,3,0.06666666666666667,False
2020-12-21,country,Czechia,30,46,0,0.0,False
2020-11-16,country,Czechia,7,46,0,0.0,False
2020-12-21,country,Czechia,14,46,0,0.0,False
2020-11-16,country,Czechia,1,46,3,0.06521739130434782,False
2020-11-16,country,Czechia,30,46,0,0.0,False
2020-11-16,country,Czechia,14,46,2,0.043478260869565216,False
2020-12-21,country,Czechia,7,46,0,0.0,False
2020-12-21,country,Czechia,1,46,1,0.021739130434782608,False
2020-11-23,country,Czechia,1,49,4,0.08163265306122448,False
2020-11-23,country,Czechia,30,49,0,0.0,False
2020-11-23,country,Czechia,14,49,0,0.0,False
2020-11-23,country,Czechia,7,49,0,0.0,False
2021-01-11,country,Czechia,14,52,0,0.0,False
2021-01-11,country,Czechia,1,52,2,0.038461538461538464,False
2021-01-11,country,Czechia,7,52,0,0.0,False
2020-11-30,country,Czechia,14,57,0,0.0,False
2020-11-30,country,Czechia,7,57,0,0.0,False
2020-11-30,country,Czechia,1,57,6,0.10526315789473684,False
2020-11-30,country,Czechia,30,57,0,0.0,False
2021-01-04,country,Czechia,7,58,1,0.017241379310344827,False
2021-01-04,country,Czechia,14,58,0,0.0,False
2021-01-04,country,Czechia,1,58,2,0.034482758620689655,False
2020-12-14,country,Czechia,1,61,4,0.06557377049180328,False
2020-12-14,country,Czechia,14,61,0,0.0,False
2021-01-18,country,Czechia,7,61,1,0.01639344262295082,False
2021-01-18,country,Czechia,1,61,1,0.01639344262295082,False
2020-12-14,country,Czechia,7,61,0,0.0,False
2020-12-14,country,Czechia,30,61,0,0.0,False
2020-11-02,country,Czechia,30,64,0,0.0,False
2020-11-02,country,Czechia,7,64,2,0.03125,False
2020-11-02,country,Czechia,14,64,0,0.0,False
2020-11-02,country,Czechia,1,64,4,0.0625,False
2020-12-07,country,Czechia,7,78,0,0.0,False
2020-12-07,country,Czechia,30,78,0,0.0,False
2020-12-07,country,Czechia,14,78,0,0.0,False
2020-12-07,country,Czechia,1,78,1,0.01282051282051282,False
2020-10-26,country,Denmark,1,8,0,0.0,False
2020-10-26,country,Denmark,7,8,1,0.125,False
2020-10-26,country,Denmark,30,8,1,0.125,False
2020-10-26,country,Denmark,14,8,1,0.125,False
2020-12-28,country,Denmark,30,33,1,0.030303030303030304,False
2021-01-25,country,Denmark,1,37,1,0.02702702702702703,False
2020-12-21,country,Denmark,7,40,0,0.0,False
2020-12-21,country,Denmark,30,40,0,0.0,False
2020-12-21,country,Denmark,14,40,0,0.0,False
2020-12-21,country,Denmark,1,40,1,0.025,False
2020-12-28,country,Denmark,7,44,0,0.0,False
2020-12-28,country,Denmark,14,44,0,0.0,False
2020-12-28,country,Denmark,1,44,0,0.0,False
2020-11-09,country,Denmark,1,45,1,0.022222222222222223,False
2020-11-09,country,Denmark,7,45,1,0.022222222222222223,False
2020-11-09,country,Denmark,14,45,0,0.0,False
2020-11-09,country,Denmark,30,45,1,0.022222222222222223,False
2021-01-11,country,Denmark,14,46,0,0.0,False
2021-01-11,country,Denmark,7,46,1,0.021739130434782608,False
2021-01-11,country,Denmark,1,46,4,0.08695652173913043,False
2020-11-16,country,Denmark,7,47,0,0.0,False
2020-11-16,country,Denmark,14,47,0,0.0,False
2020-11-16,country,Denmark,30,47,0,0.0,False
2020-11-16,country,Denmark,1,47,2,0.0425531914893617,False
2021-01-04,country,Denmark,1,55,0,0.0,False
2021-01-04,country,Denmark,14,55,0,0.0,False
2021-01-04,country,Denmark,7,55,0,0.0,False
2020-11-23,country,Denmark,7,56,2,0.03571428571428571,False
2020-11-23,country,Denmark,30,56,0,0.0,False
2020-11-23,country,Denmark,1,56,4,0.07142857142857142,False
2020-11-23,country,Denmark,14,56,0,0.0,False
2020-11-30,country,Denmark,14,64,1,0.015625,False
2020-11-30,country,Denmark,30,64,0,0.0,False
2020-11-30,country,Denmark,7,64,1,0.015625,False
2020-11-30,country,Denmark,1,64,2,0.03125,False
2020-11-02,country,Denmark,7,65,0,0.0,False
2020-11-02,country,Denmark,30,65,0,0.0,False
2020-11-02,country,Denmark,1,65,7,0.1076923076923077,False
2020-11-02,country,Denmark,14,65,1,0.015384615384615385,False
2021-01-18,country,Denmark,1,73,5,0.0684931506849315,False
2021-01-18,country,Denmark,7,73,1,0.0136986301369863,False
2020-12-07,country,Denmark,30,79,0,0.0,False
2020-12-07,country,Denmark,1,79,2,0.02531645569620253,False
2020-12-07,country,Denmark,14,79,0,0.0,False
2020-12-07,country,Denmark,7,79,0,0.0,False
2020-12-14,country,Denmark,7,84,0,0.0,False
2020-12-14,country,Denmark,14,84,0,0.0,False
2020-12-14,country,Denmark,30,84,1,0.011904761904761904,False
2020-12-14,country,Denmark,1,84,2,0.023809523809523808,False
2020-10-26,country,Dominican Republic,7,1,0,0.0,False
2020-10-26,country,Dominican Republic,14,1,0,0.0,False
2020-10-26,country,Dominican Republic,1,1,0,0.0,False
2020-10-26,country,Dominican Republic,30,1,0,0.0,False
2020-11-09,country,Dominican Republic,30,5,0,0.0,False
2020-11-09,country,Dominican Republic,14,5,0,0.0,False
2020-11-09,country,Dominican Republic,7,5,0,0.0,False
2020-11-09,country,Dominican Republic,1,5,0,0.0,False
2020-12-28,country,Dominican Republic,30,7,0,0.0,False
2020-12-21,country,Dominican Republic,30,9,0,0.0,False
2020-12-28,country,Dominican Republic,7,9,0,0.0,False
2021-01-25,country,Dominican Republic,1,9,0,0.0,False
2020-12-21,country,Dominican Republic,14,9,0,0.0,False
2020-12-28,country,Dominican Republic,1,9,0,0.0,False
2020-12-21,country,Dominican Republic,1,9,0,0.0,False
2020-12-21,country,Dominican Republic,7,9,0,0.0,False
2020-12-28,country,Dominican Republic,14,9,0,0.0,False
2021-01-04,country,Dominican Republic,14,10,0,0.0,False
2021-01-04,country,Dominican Republic,7,10,0,0.0,False
2021-01-04,country,Dominican Republic,1,10,0,0.0,False
2020-11-16,country,Dominican Republic,1,11,1,0.09090909090909091,False
2020-12-07,country,Dominican Republic,14,11,0,0.0,False
2020-11-16,country,Dominican Republic,30,11,0,0.0,False
2020-12-07,country,Dominican Republic,1,11,0,0.0,False
2020-11-16,country,Dominican Republic,7,11,0,0.0,False
2020-12-07,country,Dominican Republic,30,11,0,0.0,False
2020-12-07,country,Dominican Republic,7,11,0,0.0,False
2020-11-16,country,Dominican Republic,14,11,0,0.0,False
2020-11-23,country,Dominican Republic,30,12,0,0.0,False
2020-11-23,country,Dominican Republic,7,12,2,0.16666666666666666,False
2020-11-23,country,Dominican Republic,14,12,0,0.0,False
2020-11-23,country,Dominican Republic,1,12,1,0.08333333333333333,False
2021-01-11,country,Dominican Republic,14,13,0,0.0,False
2021-01-11,country,Dominican Republic,7,13,0,0.0,False
2021-01-11,country,Dominican Republic,1,13,0,0.0,False
2020-12-14,country,Dominican Republic,1,14,1,0.07142857142857142,False
2020-11-02,country,Dominican Republic,30,14,0,0.0,False
2020-11-02,country,Dominican Republic,1,14,4,0.2857142857142857,False
2020-12-14,country,Dominican Republic,14,14,0,0.0,False
2020-12-14,country,Dominican Republic,7,14,0,0.0,False
2020-12-14,country,Dominican Republic,30,14,0,0.0,False
2020-11-02,country,Dominican Republic,7,14,0,0.0,False
2020-11-02,country,Dominican Republic,14,14,0,0.0,False
2021-01-18,country,Dominican Republic,7,16,0,0.0,False
2021-01-18,country,Dominican Republic,1,16,1,0.0625,False
2020-11-30,country,Dominican Republic,7,20,1,0.05,False
2020-11-30,country,Dominican Republic,30,20,0,0.0,False
2020-11-30,country,Dominican Republic,14,20,0,0.0,False
2020-11-30,country,Dominican Republic,1,20,3,0.15,False
2020-10-26,country,Ecuador,14,1,0,0.0,False
2020-10-26,country,Ecuador,30,1,0,0.0,False
2020-10-26,country,Ecuador,1,1,0,0.0,False
2020-10-26,country,Ecuador,7,1,0,0.0,False
2021-01-11,country,Ecuador,14,12,0,0.0,False
2021-01-11,country,Ecuador,7,12,0,0.0,False
2021-01-11,country,Ecuador,1,12,1,0.08333333333333333,False
2020-12-21,country,Ecuador,30,14,0,0.0,False
2020-12-21,country,Ecuador,7,14,1,0.07142857142857142,False
2020-12-21,country,Ecuador,1,14,0,0.0,False
2020-12-21,country,Ecuador,14,14,1,0.07142857142857142,False
2020-12-28,country,Ecuador,30,14,0,0.0,False
2020-11-16,country,Ecuador,14,15,0,0.0,False
2020-11-16,country,Ecuador,7,15,0,0.0,False
2020-11-16,country,Ecuador,30,15,0,0.0,False
2020-11-16,country,Ecuador,1,15,1,0.06666666666666667,False
2020-11-02,country,Ecuador,7,16,1,0.0625,False
2020-11-02,country,Ecuador,14,16,0,0.0,False
2020-11-09,country,Ecuador,14,16,0,0.0,False
2020-11-02,country,Ecuador,30,16,0,0.0,False
2020-11-02,country,Ecuador,1,16,1,0.0625,False
2020-11-09,country,Ecuador,1,16,1,0.0625,False
2020-11-09,country,Ecuador,30,16,0,0.0,False
2020-11-09,country,Ecuador,7,16,0,0.0,False
2021-01-25,country,Ecuador,1,18,1,0.05555555555555555,False
2020-11-23,country,Ecuador,7,19,0,0.0,False
2020-11-23,country,Ecuador,30,19,0,0.0,False
2020-11-30,country,Ecuador,7,19,0,0.0,False
2020-11-23,country,Ecuador,14,19,0,0.0,False
2020-11-30,country,Ecuador,14,19,0,0.0,False
2020-11-23,country,Ecuador,1,19,1,0.05263157894736842,False
2020-11-30,country,Ecuador,30,19,0,0.0,False
2020-11-30,country,Ecuador,1,19,0,0.0,False
2020-12-28,country,Ecuador,1,21,0,0.0,False
2021-01-04,country,Ecuador,1,21,1,0.047619047619047616,False
2021-01-04,country,Ecuador,7,21,0,0.0,False
2020-12-28,country,Ecuador,14,21,0,0.0,False
2021-01-04,country,Ecuador,14,21,0,0.0,False
2020-12-28,country,Ecuador,7,21,0,0.0,False
2020-12-14,country,Ecuador,14,23,0,0.0,False
2020-12-14,country,Ecuador,7,23,0,0.0,False
2021-01-18,country,Ecuador,1,23,0,0.0,False
2020-12-07,country,Ecuador,7,23,0,0.0,False
2020-12-14,country,Ecuador,30,23,0,0.0,False
2020-12-07,country,Ecuador,14,23,0,0.0,False
2021-01-18,country,Ecuador,7,23,0,0.0,False
2020-12-14,country,Ecuador,1,23,0,0.0,False
2020-12-07,country,Ecuador,30,23,0,0.0,False
2020-12-07,country,Ecuador,1,23,1,0.043478260869565216,False
2020-10-26,country,Egypt,1,4,0,0.0,False
2020-10-26,country,Egypt,30,4,1,0.25,False
2020-10-26,country,Egypt,7,4,0,0.0,False
2020-10-26,country,Egypt,14,4,0,0.0,False
2020-12-28,country,Egypt,30,21,0,0.0,False
2020-11-09,country,Egypt,7,28,0,0.0,False
2020-11-09,country,Egypt,30,28,0,0.0,False
2020-11-09,country,Egypt,14,28,0,0.0,False
2020-11-09,country,Egypt,1,28,2,0.07142857142857142,False
2020-12-14,country,Egypt,7,36,1,0.027777777777777776,False
2020-12-28,country,Egypt,7,36,0,0.0,False
2020-12-14,country,Egypt,14,36,0,0.0,False
2020-12-28,country,Egypt,1,36,1,0.027777777777777776,False
2020-12-14,country,Egypt,1,36,2,0.05555555555555555,False
2020-12-14,country,Egypt,30,36,0,0.0,False
2020-12-28,country,Egypt,14,36,0,0.0,False
2021-01-11,country,Egypt,7,37,0,0.0,False
2020-11-02,country,Egypt,1,37,3,0.08108108108108109,False
2021-01-11,country,Egypt,14,37,0,0.0,False
2020-11-02,country,Egypt,7,37,1,0.02702702702702703,False
2020-11-02,country,Egypt,14,37,0,0.0,False
2021-01-11,country,Egypt,1,37,2,0.05405405405405406,False
2020-11-02,country,Egypt,30,37,0,0.0,False
2021-01-25,country,Egypt,1,38,1,0.02631578947368421,False
2020-12-21,country,Egypt,7,38,1,0.02631578947368421,False
2020-12-21,country,Egypt,30,38,0,0.0,False
2020-12-21,country,Egypt,1,38,2,0.05263157894736842,False
2020-12-21,country,Egypt,14,38,0,0.0,False
2020-11-23,country,Egypt,1,41,1,0.024390243902439025,False
2020-11-23,country,Egypt,14,41,0,0.0,False
2020-11-23,country,Egypt,30,41,0,0.0,False
2020-11-23,country,Egypt,7,41,0,0.0,False
2020-11-16,country,Egypt,7,46,0,0.0,False
2020-11-16,country,Egypt,14,46,1,0.021739130434782608,False
2020-11-16,country,Egypt,30,46,0,0.0,False
2020-11-16,country,Egypt,1,46,4,0.08695652173913043,False
2021-01-04,country,Egypt,14,47,0,0.0,False
2021-01-04,country,Egypt,7,47,0,0.0,False
2021-01-04,country,Egypt,1,47,3,0.06382978723404255,False
2021-01-18,country,Egypt,7,48,0,0.0,False
2020-12-07,country,Egypt,14,48,0,0.0,False
2020-12-07,country,Egypt,1,48,1,0.020833333333333332,False
2021-01-18,country,Egypt,1,48,6,0.125,False
2020-12-07,country,Egypt,30,48,0,0.0,False
2020-12-07,country,Egypt,7,48,0,0.0,False
2020-11-30,country,Egypt,1,58,3,0.05172413793103448,False
2020-11-30,country,Egypt,7,58,0,0.0,False
2020-11-30,country,Egypt,14,58,0,0.0,False
2020-11-30,country,Egypt,30,58,0,0.0,False
2020-10-26,country,El Salvador,1,3,0,0.0,False
2020-12-14,country,El Salvador,14,3,0,0.0,False
2020-12-14,country,El Salvador,7,3,0,0.0,False
2020-10-26,country,El Salvador,7,3,1,0.3333333333333333,False
2020-12-14,country,El Salvador,1,3,1,0.3333333333333333,False
2020-10-26,country,El Salvador,30,3,0,0.0,False
2020-10-26,country,El Salvador,14,3,0,0.0,False
2020-12-14,country,El Salvador,30,3,0,0.0,False
2021-01-04,country,El Salvador,7,4,0,0.0,False
2020-12-28,country,El Salvador,30,4,0,0.0,False
2021-01-04,country,El Salvador,1,4,0,0.0,False
2021-01-04,country,El Salvador,14,4,0,0.0,False
2020-11-30,country,El Salvador,7,5,0,0.0,False
2020-11-09,country,El Salvador,1,5,1,0.2,False
2020-12-21,country,El Salvador,30,5,0,0.0,False
2020-11-09,country,El Salvador,7,5,0,0.0,False
2020-11-09,country,El Salvador,14,5,1,0.2,False
2021-01-25,country,El Salvador,1,5,0,0.0,False
2020-11-09,country,El Salvador,30,5,0,0.0,False
2020-11-30,country,El Salvador,30,5,0,0.0,False
2020-12-21,country,El Salvador,7,5,0,0.0,False
2020-11-30,country,El Salvador,1,5,0,0.0,False
2020-11-30,country,El Salvador,14,5,0,0.0,False
2020-12-21,country,El Salvador,14,5,0,0.0,False
2020-12-21,country,El Salvador,1,5,0,0.0,False
2020-12-28,country,El Salvador,1,6,1,0.16666666666666666,False
2021-01-11,country,El Salvador,1,6,0,0.0,False
2020-12-28,country,El Salvador,7,6,0,0.0,False
2021-01-11,country,El Salvador,7,6,0,0.0,False
2020-11-02,country,El Salvador,14,6,0,0.0,False
2020-11-02,country,El Salvador,30,6,0,0.0,False
2020-11-16,country,El Salvador,30,6,0,0.0,False
2020-11-02,country,El Salvador,1,6,0,0.0,False
2020-11-02,country,El Salvador,7,6,0,0.0,False
2020-11-16,country,El Salvador,1,6,0,0.0,False
2020-11-16,country,El Salvador,7,6,0,0.0,False
2020-12-28,country,El Salvador,14,6,0,0.0,False
2020-11-16,country,El Salvador,14,6,0,0.0,False
2021-01-11,country,El Salvador,14,6,0,0.0,False
2020-11-23,country,El Salvador,1,7,1,0.14285714285714285,False
2020-11-23,country,El Salvador,30,7,0,0.0,False
2020-11-23,country,El Salvador,14,7,1,0.14285714285714285,False
2020-11-23,country,El Salvador,7,7,0,0.0,False
2020-12-07,country,El Salvador,14,8,0,0.0,False
2020-12-07,country,El Salvador,30,8,0,0.0,False
2020-12-07,country,El Salvador,7,8,0,0.0,False
2020-12-07,country,El Salvador,1,8,2,0.25,False
2021-01-18,country,El Salvador,1,11,1,0.09090909090909091,False
2021-01-18,country,El Salvador,7,11,0,0.0,False
2020-11-09,country,Estonia,14,3,0,0.0,False
2020-11-09,country,Estonia,30,3,0,0.0,False
2020-11-09,country,Estonia,7,3,0,0.0,False
2020-11-09,country,Estonia,1,3,0,0.0,False
2021-01-11,country,Estonia,1,4,0,0.0,False
2021-01-11,country,Estonia,14,4,0,0.0,False
2021-01-11,country,Estonia,7,4,0,0.0,False
2020-11-30,country,Estonia,30,6,0,0.0,False
2020-12-21,country,Estonia,7,6,0,0.0,False
2020-12-21,country,Estonia,14,6,0,0.0,False
2020-11-02,country,Estonia,30,6,0,0.0,False
2020-11-02,country,Estonia,1,6,0,0.0,False
2020-11-30,country,Estonia,7,6,0,0.0,False
2020-11-02,country,Estonia,14,6,0,0.0,False
2020-11-30,country,Estonia,14,6,0,0.0,False
2020-12-21,country,Estonia,1,6,1,0.16666666666666666,False
2020-11-30,country,Estonia,1,6,0,0.0,False
2020-11-02,country,Estonia,7,6,0,0.0,False
2020-12-21,country,Estonia,30,6,0,0.0,False
2020-12-14,country,Estonia,7,8,0,0.0,False
2021-01-25,country,Estonia,1,8,1,0.125,False
2020-12-14,country,Estonia,14,8,0,0.0,False
2020-12-14,country,Estonia,30,8,0,0.0,False
2020-12-14,country,Estonia,1,8,0,0.0,False
2020-12-28,country,Estonia,30,9,0,0.0,False
2021-01-18,country,Estonia,7,9,0,0.0,False
2020-11-16,country,Estonia,30,9,0,0.0,False
2020-11-16,country,Estonia,7,9,0,0.0,False
2020-11-16,country,Estonia,14,9,0,0.0,False
2020-11-16,country,Estonia,1,9,1,0.1111111111111111,False
2021-01-18,country,Estonia,1,9,1,0.1111111111111111,False
2020-11-23,country,Estonia,7,10,0,0.0,False
2020-11-23,country,Estonia,1,10,2,0.2,False
2020-11-23,country,Estonia,30,10,0,0.0,False
2020-11-23,country,Estonia,14,10,0,0.0,False
2020-12-28,country,Estonia,14,11,0,0.0,False
2021-01-04,country,Estonia,1,11,0,0.0,False
2020-12-28,country,Estonia,7,11,0,0.0,False
2020-12-07,country,Estonia,30,11,0,0.0,False
2020-12-28,country,Estonia,1,11,0,0.0,False
2021-01-04,country,Estonia,14,11,0,0.0,False
2020-12-07,country,Estonia,14,11,0,0.0,False
2020-12-07,country,Estonia,7,11,0,0.0,False
2021-01-04,country,Estonia,7,11,0,0.0,False
2020-12-07,country,Estonia,1,11,1,0.09090909090909091,False
2020-10-26,country,Finland,14,3,0,0.0,False
2020-10-26,country,Finland,7,3,0,0.0,False
2020-10-26,country,Finland,30,3,0,0.0,False
2020-10-26,country,Finland,1,3,0,0.0,False
2020-11-16,country,Finland,30,26,0,0.0,False
2020-11-16,country,Finland,1,26,0,0.0,False
2020-11-16,country,Finland,14,26,0,0.0,False
2020-11-16,country,Finland,7,26,0,0.0,False
2021-01-25,country,Finland,1,26,0,0.0,False
2020-12-28,country,Finland,30,26,0,0.0,False
2020-12-21,country,Finland,14,27,0,0.0,False
2020-12-21,country,Finland,30,27,0,0.0,False
2020-12-21,country,Finland,1,27,1,0.037037037037037035,False
2020-12-21,country,Finland,7,27,0,0.0,False
2020-11-09,country,Finland,30,30,0,0.0,False
2020-11-09,country,Finland,14,30,0,0.0,False
2020-11-09,country,Finland,1,30,1,0.03333333333333333,False
2020-11-09,country,Finland,7,30,1,0.03333333333333333,False
2021-01-11,country,Finland,14,31,0,0.0,False
2021-01-11,country,Finland,1,31,0,0.0,False
2021-01-11,country,Finland,7,31,0,0.0,False
2021-01-04,country,Finland,1,33,1,0.030303030303030304,False
2021-01-04,country,Finland,7,33,0,0.0,False
2020-12-28,country,Finland,7,33,0,0.0,False
2020-12-28,country,Finland,14,33,0,0.0,False
2020-12-28,country,Finland,1,33,0,0.0,False
2021-01-04,country,Finland,14,33,0,0.0,False
2020-11-02,country,Finland,1,34,1,0.029411764705882353,False
2020-11-02,country,Finland,7,34,0,0.0,False
2020-11-02,country,Finland,14,34,0,0.0,False
2020-11-02,country,Finland,30,34,0,0.0,False
2020-11-23,country,Finland,14,36,0,0.0,False
2021-01-18,country,Finland,7,36,0,0.0,False
2021-01-18,country,Finland,1,36,1,0.027777777777777776,False
2020-11-23,country,Finland,1,36,2,0.05555555555555555,False
2020-11-23,country,Finland,7,36,0,0.0,False
2020-11-23,country,Finland,30,36,0,0.0,False
2020-12-14,country,Finland,1,43,2,0.046511627906976744,False
2020-12-14,country,Finland,14,43,0,0.0,False
2020-12-14,country,Finland,7,43,0,0.0,False
2020-11-30,country,Finland,14,43,0,0.0,False
2020-11-30,country,Finland,1,43,2,0.046511627906976744,False
2020-11-30,country,Finland,30,43,0,0.0,False
2020-12-14,country,Finland,30,43,0,0.0,False
2020-11-30,country,Finland,7,43,1,0.023255813953488372,False
2020-12-07,country,Finland,14,62,0,0.0,False
2020-12-07,country,Finland,1,62,2,0.03225806451612903,False
2020-12-07,country,Finland,30,62,0,0.0,False
2020-12-07,country,Finland,7,62,1,0.016129032258064516,False
2020-10-26,country,France,1,50,3,0.06,False
2020-10-26,country,France,30,50,0,0.0,False
2020-10-26,country,France,14,50,0,0.0,False
2020-10-26,country,France,7,50,0,0.0,False
2020-12-28,country,France,30,246,0,0.0,True
2020-11-09,country,France,7,294,7,0.023809523809523808,True
2020-11-09,country,France,30,294,1,0.003401360544217687,True
2020-11-09,country,France,14,294,6,0.02040816326530612,True
2020-11-09,country,France,1,294,17,0.05782312925170068,True
2020-12-21,country,France,30,326,0,0.0,True
2020-12-21,country,France,14,326,0,0.0,True
2020-12-21,country,France,1,326,12,0.03680981595092025,True
2020-12-21,country,France,7,326,2,0.006134969325153374,True
2020-12-28,country,France,14,331,0,0.0,True
2020-12-28,country,France,1,331,3,0.00906344410876133,True
2020-12-28,country,France,7,331,3,0.00906344410876133,True
2021-01-25,country,France,1,351,17,0.04843304843304843,True
2020-11-16,country,France,7,361,3,0.008310249307479225,True
2020-11-16,country,France,14,361,2,0.00554016620498615,True
2020-11-16,country,France,1,361,27,0.07479224376731301,True
2020-11-16,country,France,30,361,4,0.0110803324099723,True
2020-11-02,country,France,1,372,17,0.0456989247311828,True
2020-11-02,country,France,14,372,2,0.005376344086021506,True
2020-11-02,country,France,7,372,2,0.005376344086021506,True
2020-11-02,country,France,30,372,1,0.002688172043010753,True
2021-01-18,country,France,1,400,14,0.035,True
2021-01-18,country,France,7,400,4,0.01,True
2021-01-11,country,France,1,429,6,0.013986013986013986,True
2021-01-11,country,France,7,429,3,0.006993006993006993,True
2021-01-11,country,France,14,429,1,0.002331002331002331,True
2020-11-23,country,France,7,436,5,0.011467889908256881,True
2020-11-23,country,France,14,436,0,0.0,True
2020-11-23,country,France,1,436,29,0.06651376146788991,True
2020-11-23,country,France,30,436,0,0.0,True
2020-11-30,country,France,7,438,4,0.0091324200913242,True
2020-11-30,country,France,1,438,34,0.0776255707762557,True
2020-11-30,country,France,30,438,0,0.0,True
2020-11-30,country,France,14,438,4,0.0091324200913242,True
2021-01-04,country,France,1,457,10,0.02188183807439825,True
2021-01-04,country,France,7,457,1,0.002188183807439825,True
2021-01-04,country,France,14,457,1,0.002188183807439825,True
2020-12-14,country,France,14,548,0,0.0,True
2020-12-14,country,France,30,548,1,0.0018248175182481751,True
2020-12-14,country,France,7,548,1,0.0018248175182481751,True
2020-12-14,country,France,1,548,26,0.04744525547445255,True
2020-12-07,country,France,30,550,1,0.0018181818181818182,True
2020-12-07,country,France,7,550,5,0.00909090909090909,True
2020-12-07,country,France,1,550,21,0.038181818181818185,True
2020-12-07,country,France,14,550,0,0.0,True
2020-10-26,country,Georgia,1,2,0,0.0,False
2020-10-26,country,Georgia,7,2,0,0.0,False
2020-10-26,country,Georgia,14,2,0,0.0,False
2020-10-26,country,Georgia,30,2,0,0.0,False
2020-12-28,country,Georgia,30,4,0,0.0,False
2020-12-28,country,Georgia,1,6,0,0.0,False
2020-12-28,country,Georgia,14,6,0,0.0,False
2020-12-28,country,Georgia,7,6,0,0.0,False
2021-01-11,country,Georgia,7,7,0,0.0,False
2021-01-11,country,Georgia,14,7,0,0.0,False
2021-01-11,country,Georgia,1,7,0,0.0,False
2020-11-30,country,Georgia,14,8,0,0.0,False
2021-01-18,country,Georgia,7,8,0,0.0,False
2020-12-21,country,Georgia,7,8,0,0.0,False
2020-11-30,country,Georgia,30,8,0,0.0,False
2020-12-21,country,Georgia,14,8,0,0.0,False
2020-11-30,country,Georgia,1,8,0,0.0,False
2020-12-21,country,Georgia,1,8,0,0.0,False
2020-12-21,country,Georgia,30,8,0,0.0,False
2021-01-18,country,Georgia,1,8,0,0.0,False
2020-11-30,country,Georgia,7,8,0,0.0,False
2020-11-23,country,Georgia,30,9,0,0.0,False
2020-12-14,country,Georgia,14,9,0,0.0,False
2020-11-23,country,Georgia,7,9,0,0.0,False
2020-11-23,country,Georgia,1,9,2,0.2222222222222222,False
2020-12-14,country,Georgia,7,9,0,0.0,False
2020-12-14,country,Georgia,30,9,0,0.0,False
2020-12-14,country,Georgia,1,9,0,0.0,False
2020-11-23,country,Georgia,14,9,0,0.0,False
2021-01-04,country,Georgia,14,10,0,0.0,False
2020-11-16,country,Georgia,1,10,1,0.1,False
2021-01-04,country,Georgia,1,10,0,0.0,False
2021-01-25,country,Georgia,1,10,0,0.0,False
2020-11-16,country,Georgia,30,10,0,0.0,False
2021-01-04,country,Georgia,7,10,0,0.0,False
2020-11-16,country,Georgia,14,10,0,0.0,False
2020-11-16,country,Georgia,7,10,0,0.0,False
2020-12-07,country,Georgia,14,11,0,0.0,False
2020-12-07,country,Georgia,7,11,0,0.0,False
2020-12-07,country,Georgia,1,11,2,0.18181818181818182,False
2020-12-07,country,Georgia,30,11,0,0.0,False
2020-11-02,country,Georgia,7,12,1,0.08333333333333333,False
2020-11-02,country,Georgia,1,12,0,0.0,False
2020-11-09,country,Georgia,14,12,0,0.0,False
2020-11-02,country,Georgia,30,12,0,0.0,False
2020-11-09,country,Georgia,1,12,0,0.0,False
2020-11-09,country,Georgia,30,12,0,0.0,False
2020-11-09,country,Georgia,7,12,0,0.0,False
2020-11-02,country,Georgia,14,12,0,0.0,False
2020-10-26,country,Germany,1,41,2,0.04878048780487805,False
2020-10-26,country,Germany,7,41,0,0.0,False
2020-10-26,country,Germany,30,41,0,0.0,False
2020-10-26,country,Germany,14,41,0,0.0,False
2020-12-28,country,Germany,30,203,0,0.0,True
2020-12-28,country,Germany,14,289,0,0.0,True
2020-12-28,country,Germany,1,289,9,0.031141868512110725,True
2020-12-28,country,Germany,7,289,2,0.006920415224913495,True
2021-01-25,country,Germany,1,291,15,0.05154639175257732,True
2020-11-09,country,Germany,30,304,1,0.003289473684210526,True
2020-11-09,country,Germany,14,304,2,0.006578947368421052,True
2020-11-09,country,Germany,7,304,9,0.029605263157894735,True
2020-11-09,country,Germany,1,304,18,0.05921052631578947,True
2020-12-21,country,Germany,1,332,10,0.030120481927710843,True
2020-12-21,country,Germany,7,332,0,0.0,True
2020-12-21,country,Germany,30,332,0,0.0,True
2020-12-21,country,Germany,14,332,1,0.0030120481927710845,True
2020-11-16,country,Germany,14,337,0,0.0,True
2020-11-16,country,Germany,1,337,17,0.050445103857566766,True
2020-11-16,country,Germany,7,337,2,0.005934718100890208,True
2020-11-16,country,Germany,30,337,1,0.002967359050445104,True
2021-01-18,country,Germany,7,347,0,0.0,True
2021-01-18,country,Germany,1,347,24,0.069164265129683,True
2020-11-23,country,Germany,14,351,4,0.011396011396011397,True
2020-11-23,country,Germany,30,351,0,0.0,True
2020-11-23,country,Germany,1,351,15,0.042735042735042736,True
2020-11-23,country,Germany,7,351,3,0.008547008547008548,True
2020-11-02,country,Germany,1,360,20,0.05555555555555555,True
2020-11-02,country,Germany,14,360,2,0.005555555555555556,True
2020-11-02,country,Germany,30,360,1,0.002777777777777778,True
2020-11-02,country,Germany,7,360,3,0.008333333333333333,True
2021-01-11,country,Germany,7,380,5,0.013157894736842105,True
2021-01-11,country,Germany,1,380,14,0.03684210526315789,True
2021-01-11,country,Germany,14,380,1,0.002631578947368421,True
2020-11-30,country,Germany,1,418,20,0.04784688995215311,True
2020-11-30,country,Germany,7,418,2,0.004784688995215311,True
2020-11-30,country,Germany,30,418,0,0.0,True
2020-11-30,country,Germany,14,418,4,0.009569377990430622,True
2021-01-04,country,Germany,7,422,4,0.009478672985781991,True
2021-01-04,country,Germany,1,422,20,0.04739336492890995,True
2021-01-04,country,Germany,14,422,2,0.004739336492890996,True
2020-12-14,country,Germany,1,447,18,0.040268456375838924,True
2020-12-14,country,Germany,30,447,1,0.0022371364653243847,True
2020-12-14,country,Germany,7,447,2,0.0044742729306487695,True
2020-12-14,country,Germany,14,447,2,0.0044742729306487695,True
2020-12-07,country,Germany,1,504,22,0.04365079365079365,True
2020-12-07,country,Germany,14,504,2,0.003968253968253968,True
2020-12-07,country,Germany,7,504,4,0.007936507936507936,True
2020-12-07,country,Germany,30,504,0,0.0,True
2020-10-26,country,Ghana,14,1,0,0.0,False
2020-10-26,country,Ghana,7,1,0,0.0,False
2020-10-26,country,Ghana,30,1,0,0.0,False
2020-10-26,country,Ghana,1,1,0,0.0,False
2021-01-25,country,Ghana,1,2,0,0.0,False
2020-12-28,country,Ghana,30,3,0,0.0,False
2020-12-28,country,Ghana,1,3,0,0.0,False
2020-12-28,country,Ghana,14,3,0,0.0,False
2020-12-28,country,Ghana,7,3,0,0.0,False
2020-11-30,country,Ghana,7,4,0,0.0,False
2020-11-16,country,Ghana,30,4,0,0.0,False
2020-11-09,country,Ghana,7,4,0,0.0,False
2020-11-16,country,Ghana,14,4,0,0.0,False
2020-12-14,country,Ghana,14,4,0,0.0,False
2020-12-14,country,Ghana,30,4,0,0.0,False
2020-11-09,country,Ghana,1,4,0,0.0,False
2020-11-16,country,Ghana,1,4,0,0.0,False
2020-11-16,country,Ghana,7,4,0,0.0,False
2020-11-09,country,Ghana,14,4,0,0.0,False
2020-11-09,country,Ghana,30,4,0,0.0,False
2020-11-30,country,Ghana,30,4,0,0.0,False
2020-12-14,country,Ghana,7,4,0,0.0,False
2020-11-30,country,Ghana,1,4,0,0.0,False
2020-12-14,country,Ghana,1,4,0,0.0,False
2020-11-30,country,Ghana,14,4,0,0.0,False
2020-11-02,country,Ghana,1,5,0,0.0,False
2020-11-02,country,Ghana,7,5,0,0.0,False
2020-11-23,country,Ghana,7,5,0,0.0,False
2020-11-02,country,Ghana,14,5,0,0.0,False
2020-11-23,country,Ghana,30,5,0,0.0,False
2021-01-18,country,Ghana,7,5,0,0.0,False
2021-01-18,country,Ghana,1,5,1,0.2,False
2020-11-02,country,Ghana,30,5,0,0.0,False
2020-11-23,country,Ghana,1,5,0,0.0,False
2020-11-23,country,Ghana,14,5,0,0.0,False
2021-01-04,country,Ghana,7,6,0,0.0,False
2021-01-11,country,Ghana,14,6,0,0.0,False
2021-01-11,country,Ghana,1,6,0,0.0,False
2021-01-04,country,Ghana,1,6,0,0.0,False
2021-01-04,country,Ghana,14,6,0,0.0,False
2021-01-11,country,Ghana,7,6,0,0.0,False
2020-12-21,country,Ghana,1,7,0,0.0,False
2020-12-21,country,Ghana,30,7,0,0.0,False
2020-12-21,country,Ghana,14,7,0,0.0,False
2020-12-21,country,Ghana,7,7,0,0.0,False
2020-12-07,country,Ghana,14,9,0,0.0,False
2020-12-07,country,Ghana,7,9,0,0.0,False
2020-12-07,country,Ghana,30,9,0,0.0,False
2020-12-07,country,Ghana,1,9,0,0.0,False
2020-10-26,country,Greece,1,10,0,0.0,False
2020-10-26,country,Greece,7,10,0,0.0,False
2020-10-26,country,Greece,30,10,0,0.0,False
2020-10-26,country,Greece,14,10,0,0.0,False
2020-12-28,country,Greece,30,43,0,0.0,False
2020-12-28,country,Greece,14,53,0,0.0,False
2020-12-28,country,Greece,1,53,2,0.03773584905660377,False
2020-12-28,country,Greece,7,53,1,0.018867924528301886,False
2020-11-09,country,Greece,1,57,5,0.08771929824561403,False
2020-11-09,country,Greece,7,57,1,0.017543859649122806,False
2020-11-09,country,Greece,14,57,0,0.0,False
2020-11-09,country,Greece,30,57,0,0.0,False
2021-01-25,country,Greece,1,58,2,0.034482758620689655,False
2020-12-21,country,Greece,1,60,1,0.016666666666666666,False
2020-12-21,country,Greece,14,60,0,0.0,False
2020-12-21,country,Greece,7,60,1,0.016666666666666666,False
2020-12-21,country,Greece,30,60,0,0.0,False
2020-12-14,country,Greece,14,64,1,0.015625,False
2020-12-14,country,Greece,7,64,1,0.015625,False
2020-12-14,country,Greece,30,64,0,0.0,False
2020-12-14,country,Greece,1,64,4,0.0625,False
2020-11-16,country,Greece,1,66,6,0.09090909090909091,False
2020-11-16,country,Greece,14,66,0,0.0,False
2020-11-16,country,Greece,7,66,0,0.0,False
2020-11-16,country,Greece,30,66,0,0.0,False
2020-11-02,country,Greece,30,77,1,0.012987012987012988,False
2020-11-02,country,Greece,1,77,3,0.03896103896103896,False
2020-11-02,country,Greece,7,77,2,0.025974025974025976,False
2020-11-02,country,Greece,14,77,1,0.012987012987012988,False
2021-01-18,country,Greece,7,78,1,0.01282051282051282,False
2021-01-18,country,Greece,1,78,3,0.038461538461538464,False
2021-01-04,country,Greece,1,80,4,0.05,False
2021-01-04,country,Greece,14,80,0,0.0,False
2021-01-04,country,Greece,7,80,1,0.0125,False
2020-11-30,country,Greece,1,83,4,0.04819277108433735,False
2020-11-30,country,Greece,30,83,0,0.0,False
2020-11-30,country,Greece,14,83,1,0.012048192771084338,False
2020-11-30,country,Greece,7,83,1,0.012048192771084338,False
2020-11-23,country,Greece,30,84,0,0.0,False
2020-11-23,country,Greece,1,84,4,0.047619047619047616,False
2020-11-23,country,Greece,7,84,2,0.023809523809523808,False
2020-11-23,country,Greece,14,84,0,0.0,False
2021-01-11,country,Greece,14,86,1,0.011627906976744186,False
2021-01-11,country,Greece,7,86,2,0.023255813953488372,False
2021-01-11,country,Greece,1,86,1,0.011627906976744186,False
2020-12-07,country,Greece,7,102,0,0.0,True
2020-12-07,country,Greece,1,102,8,0.0784313725490196,True
2020-12-07,country,Greece,30,102,2,0.0196078431372549,True
2020-12-07,country,Greece,14,102,0,0.0,True
2020-10-26,country,Guatemala,7,1,0,0.0,False
2020-10-26,country,Guatemala,30,1,0,0.0,False
2020-10-26,country,Guatemala,1,1,0,0.0,False
2020-10-26,country,Guatemala,14,1,0,0.0,False
2021-01-11,country,Guatemala,1,4,0,0.0,False
2021-01-11,country,Guatemala,14,4,0,0.0,False
2021-01-11,country,Guatemala,7,4,0,0.0,False
2020-12-28,country,Guatemala,14,5,0,0.0,False
2020-12-28,country,Guatemala,1,5,0,0.0,False
2020-11-09,country,Guatemala,7,5,0,0.0,False
2020-11-09,country,Guatemala,30,5,0,0.0,False
2020-11-09,country,Guatemala,1,5,0,0.0,False
2020-11-09,country,Guatemala,14,5,0,0.0,False
2020-12-28,country,Guatemala,7,5,0,0.0,False
2020-12-28,country,Guatemala,30,5,0,0.0,False
2021-01-04,country,Guatemala,7,5,0,0.0,False
2021-01-04,country,Guatemala,14,5,0,0.0,False
2021-01-04,country,Guatemala,1,5,0,0.0,False
2020-11-16,country,Guatemala,7,6,0,0.0,False
2020-12-07,country,Guatemala,14,6,0,0.0,False
2020-12-07,country,Guatemala,1,6,1,0.16666666666666666,False
2020-12-07,country,Guatemala,7,6,0,0.0,False
2020-11-16,country,Guatemala,14,6,1,0.16666666666666666,False
2020-11-16,country,Guatemala,1,6,0,0.0,False
2020-11-16,country,Guatemala,30,6,0,0.0,False
2020-12-07,country,Guatemala,30,6,0,0.0,False
2020-11-02,country,Guatemala,7,7,0,0.0,False
2020-11-02,country,Guatemala,30,7,0,0.0,False
2020-11-02,country,Guatemala,14,7,0,0.0,False
2020-11-02,country,Guatemala,1,7,0,0.0,False
2020-12-14,country,Guatemala,1,8,1,0.125,False
2020-12-14,country,Guatemala,7,8,0,0.0,False
2020-12-14,country,Guatemala,14,8,0,0.0,False
2021-01-25,country,Guatemala,1,8,1,0.125,False
2020-12-14,country,Guatemala,30,8,0,0.0,False
2020-11-23,country,Guatemala,7,9,0,0.0,False
2020-11-23,country,Guatemala,14,9,0,0.0,False
2020-11-23,country,Guatemala,30,9,0,0.0,False
2020-12-21,country,Guatemala,30,9,0,0.0,False
2020-12-21,country,Guatemala,1,9,0,0.0,False
2021-01-18,country,Guatemala,7,9,1,0.1111111111111111,False
2020-11-23,country,Guatemala,1,9,0,0.0,False
2021-01-18,country,Guatemala,1,9,1,0.1111111111111111,False
2020-12-21,country,Guatemala,14,9,0,0.0,False
2020-12-21,country,Guatemala,7,9,0,0.0,False
2020-11-30,country,Guatemala,7,10,0,0.0,False
2020-11-30,country,Guatemala,1,10,1,0.1,False
2020-11-30,country,Guatemala,14,10,0,0.0,False
2020-11-30,country,Guatemala,30,10,0,0.0,False
2020-12-28,country,Honduras,30,1,0,0.0,False
2020-11-16,country,Honduras,30,2,0,0.0,False
2021-01-04,country,Honduras,1,2,0,0.0,False
2020-11-16,country,Honduras,1,2,0,0.0,False
2020-12-28,country,Honduras,7,2,0,0.0,False
2020-11-16,country,Honduras,14,2,0,0.0,False
2021-01-04,country,Honduras,14,2,0,0.0,False
2020-12-28,country,Honduras,1,2,0,0.0,False
2021-01-04,country,Honduras,7,2,0,0.0,False
2020-11-16,country,Honduras,7,2,0,0.0,False
2020-12-28,country,Honduras,14,2,0,0.0,False
2020-11-09,country,Honduras,14,3,0,0.0,False
2020-11-09,country,Honduras,1,3,0,0.0,False
2020-11-09,country,Honduras,7,3,0,0.0,False
2020-11-09,country,Honduras,30,3,0,0.0,False
2021-01-11,country,Honduras,1,4,0,0.0,False
2020-12-21,country,Honduras,14,4,0,0.0,False
2021-01-11,country,Honduras,14,4,0,0.0,False
2020-12-21,country,Honduras,30,4,0,0.0,False
2020-12-21,country,Honduras,1,4,0,0.0,False
2021-01-11,country,Honduras,7,4,0,0.0,False
2020-12-21,country,Honduras,7,4,0,0.0,False
2020-11-23,country,Honduras,14,5,0,0.0,False
2020-12-14,country,Honduras,7,5,0,0.0,False
2020-12-14,country,Honduras,1,5,0,0.0,False
2020-12-14,country,Honduras,30,5,0,0.0,False
2020-12-14,country,Honduras,14,5,0,0.0,False
2021-01-18,country,Honduras,7,5,0,0.0,False
2021-01-18,country,Honduras,1,5,0,0.0,False
2020-11-23,country,Honduras,1,5,0,0.0,False
2020-11-23,country,Honduras,7,5,0,0.0,False
2020-11-23,country,Honduras,30,5,0,0.0,False
2020-12-07,country,Honduras,1,6,0,0.0,False
2020-12-07,country,Honduras,7,6,0,0.0,False
2020-11-30,country,Honduras,30,6,0,0.0,False
2020-11-30,country,Honduras,7,6,0,0.0,False
2020-12-07,country,Honduras,30,6,0,0.0,False
2020-11-30,country,Honduras,14,6,0,0.0,False
2020-11-30,country,Honduras,1,6,1,0.16666666666666666,False
2020-12-07,country,Honduras,14,6,0,0.0,False
2021-01-25,country,Honduras,1,7,0,0.0,False
2020-10-26,country,Hong Kong,7,4,0,0.0,False
2020-10-26,country,Hong Kong,14,4,0,0.0,False
2020-10-26,country,Hong Kong,30,4,0,0.0,False
2020-10-26,country,Hong Kong,1,4,0,0.0,False
2020-12-28,country,Hong Kong,30,64,0,0.0,False
2020-12-28,country,Hong Kong,7,92,0,0.0,False
2020-12-28,country,Hong Kong,14,92,0,0.0,False
2020-12-28,country,Hong Kong,1,92,5,0.05434782608695652,False
2020-12-21,country,Hong Kong,14,102,0,0.0,True
2020-12-21,country,Hong Kong,7,102,2,0.0196078431372549,True
2020-12-21,country,Hong Kong,1,102,4,0.0392156862745098,True
2020-12-21,country,Hong Kong,30,102,0,0.0,True
2020-11-02,country,Hong Kong,7,106,3,0.02830188679245283,True
2020-11-02,country,Hong Kong,14,106,2,0.018867924528301886,True
2020-11-02,country,Hong Kong,30,106,0,0.0,True
2020-11-02,country,Hong Kong,1,106,15,0.14150943396226415,True
2021-01-18,country,Hong Kong,7,110,2,0.01818181818181818,True
2021-01-18,country,Hong Kong,1,110,6,0.05454545454545454,True
2020-11-09,country,Hong Kong,1,117,8,0.06837606837606838,True
2020-11-09,country,Hong Kong,30,117,1,0.008547008547008548,True
2020-11-09,country,Hong Kong,7,117,1,0.008547008547008548,True
2020-11-09,country,Hong Kong,14,117,2,0.017094017094017096,True
2020-11-16,country,Hong Kong,1,122,8,0.06557377049180328,True
2020-11-16,country,Hong Kong,7,122,1,0.00819672131147541,True
2020-11-16,country,Hong Kong,30,122,0,0.0,True
2020-11-16,country,Hong Kong,14,122,0,0.0,True
2020-11-23,country,Hong Kong,30,124,1,0.008064516129032258,True
2020-11-23,country,Hong Kong,7,124,2,0.016129032258064516,True
2020-11-23,country,Hong Kong,14,124,0,0.0,True
2020-11-23,country,Hong Kong,1,124,3,0.024193548387096774,True
2021-01-25,country,Hong Kong,1,129,2,0.015503875968992248,True
2021-01-11,country,Hong Kong,1,132,7,0.05303030303030303,True
2021-01-11,country,Hong Kong,7,132,0,0.0,True
2021-01-11,country,Hong Kong,14,132,0,0.0,True
2021-01-04,country,Hong Kong,7,140,0,0.0,True
2021-01-04,country,Hong Kong,14,140,1,0.007142857142857143,True
2021-01-04,country,Hong Kong,1,140,3,0.02142857142857143,True
2020-11-30,country,Hong Kong,14,146,0,0.0,True
2020-11-30,country,Hong Kong,1,146,7,0.04794520547945205,True
2020-11-30,country,Hong Kong,7,146,2,0.0136986301369863,True
2020-11-30,country,Hong Kong,30,146,0,0.0,True
2020-12-14,country,Hong Kong,1,155,8,0.05161290322580645,True
2020-12-14,country,Hong Kong,14,155,0,0.0,True
2020-12-14,country,Hong Kong,30,155,0,0.0,True
2020-12-14,country,Hong Kong,7,155,1,0.0064516129032258064,True
2020-12-07,country,Hong Kong,30,159,0,0.0,True
2020-12-07,country,Hong Kong,7,159,1,0.006289308176100629,True
2020-12-07,country,Hong Kong,1,159,7,0.0440251572327044,True
2020-12-07,country,Hong Kong,14,159,0,0.0,True
2020-10-26,country,Hungary,1,1,0,0.0,False
2020-10-26,country,Hungary,7,1,0,0.0,False
2020-10-26,country,Hungary,30,1,0,0.0,False
2020-10-26,country,Hungary,14,1,0,0.0,False
2020-12-28,country,Hungary,30,14,0,0.0,False
2020-12-28,country,Hungary,1,20,1,0.05,False
2020-12-28,country,Hungary,7,20,0,0.0,False
2020-12-28,country,Hungary,14,20,0,0.0,False
2021-01-18,country,Hungary,7,21,0,0.0,False
2021-01-18,country,Hungary,1,21,2,0.09523809523809523,False
2020-11-16,country,Hungary,30,22,0,0.0,False
2020-11-16,country,Hungary,7,22,0,0.0,False
2020-11-16,country,Hungary,1,22,0,0.0,False
2020-11-16,country,Hungary,14,22,0,0.0,False
2021-01-25,country,Hungary,1,23,0,0.0,False
2021-01-11,country,Hungary,1,27,0,0.0,False
2021-01-11,country,Hungary,7,27,1,0.037037037037037035,False
2021-01-11,country,Hungary,14,27,1,0.037037037037037035,False
2020-11-09,country,Hungary,1,28,1,0.03571428571428571,False
2020-11-09,country,Hungary,7,28,2,0.07142857142857142,False
2020-11-02,country,Hungary,14,28,0,0.0,False
2021-01-04,country,Hungary,14,28,0,0.0,False
2021-01-04,country,Hungary,1,28,1,0.03571428571428571,False
2020-11-02,country,Hungary,7,28,0,0.0,False
2020-11-02,country,Hungary,30,28,0,0.0,False
2021-01-04,country,Hungary,7,28,0,0.0,False
2020-11-09,country,Hungary,30,28,0,0.0,False
2020-11-02,country,Hungary,1,28,3,0.10714285714285714,False
2020-11-09,country,Hungary,14,28,0,0.0,False
2020-12-21,country,Hungary,30,30,0,0.0,False
2020-12-21,country,Hungary,14,30,0,0.0,False
2020-12-21,country,Hungary,7,30,0,0.0,False
2020-12-21,country,Hungary,1,30,0,0.0,False
2020-11-30,country,Hungary,14,32,0,0.0,False
2020-11-30,country,Hungary,30,32,0,0.0,False
2020-11-30,country,Hungary,1,32,4,0.125,False
2020-11-30,country,Hungary,7,32,1,0.03125,False
2020-11-23,country,Hungary,7,33,1,0.030303030303030304,False
2020-11-23,country,Hungary,1,33,2,0.06060606060606061,False
2020-11-23,country,Hungary,30,33,0,0.0,False
2020-11-23,country,Hungary,14,33,1,0.030303030303030304,False
2020-12-14,country,Hungary,14,34,0,0.0,False
2020-12-14,country,Hungary,1,34,3,0.08823529411764706,False
2020-12-14,country,Hungary,7,34,0,0.0,False
2020-12-14,country,Hungary,30,34,1,0.029411764705882353,False
2020-12-07,country,Hungary,30,46,0,0.0,False
2020-12-07,country,Hungary,1,46,2,0.043478260869565216,False
2020-12-07,country,Hungary,14,46,1,0.021739130434782608,False
2020-12-07,country,Hungary,7,46,0,0.0,False
2020-10-26,country,Iceland,1,1,0,0.0,False
2020-11-09,country,Iceland,7,1,0,0.0,False
2020-11-09,country,Iceland,1,1,0,0.0,False
2020-10-26,country,Iceland,7,1,0,0.0,False
2020-10-26,country,Iceland,14,1,0,0.0,False
2020-11-09,country,Iceland,30,1,0,0.0,False
2020-10-26,country,Iceland,30,1,0,0.0,False
2020-11-09,country,Iceland,14,1,0,0.0,False
2020-11-02,country,Iceland,1,2,0,0.0,False
2020-11-02,country,Iceland,7,2,0,0.0,False
2020-12-21,country,Iceland,1,2,0,0.0,False
2020-11-02,country,Iceland,14,2,0,0.0,False
2020-12-21,country,Iceland,14,2,0,0.0,False
2020-11-02,country,Iceland,30,2,0,0.0,False
2020-12-28,country,Iceland,7,2,0,0.0,False
2020-12-28,country,Iceland,30,2,0,0.0,False
2020-12-28,country,Iceland,14,2,0,0.0,False
2020-12-28,country,Iceland,1,2,0,0.0,False
2020-12-21,country,Iceland,30,2,0,0.0,False
2020-12-21,country,Iceland,7,2,0,0.0,False
2020-11-16,country,Iceland,30,5,0,0.0,False
2020-11-16,country,Iceland,14,5,0,0.0,False
2020-11-16,country,Iceland,7,5,0,0.0,False
2020-11-16,country,Iceland,1,5,1,0.2,False
2020-11-23,country,Iceland,14,6,0,0.0,False
2020-11-23,country,Iceland,1,6,0,0.0,False
2020-11-23,country,Iceland,7,6,0,0.0,False
2020-11-23,country,Iceland,30,6,0,0.0,False
2021-01-11,country,Iceland,7,7,0,0.0,False
2021-01-11,country,Iceland,1,7,1,0.14285714285714285,False
2021-01-11,country,Iceland,14,7,0,0.0,False
2021-01-25,country,Iceland,1,7,1,0.14285714285714285,False
2020-12-14,country,Iceland,1,9,1,0.1111111111111111,False
2020-12-14,country,Iceland,7,9,0,0.0,False
2020-12-14,country,Iceland,30,9,0,0.0,False
2020-12-14,country,Iceland,14,9,0,0.0,False
2021-01-04,country,Iceland,14,10,0,0.0,False
2021-01-18,country,Iceland,7,10,1,0.1,False
2020-12-07,country,Iceland,7,10,0,0.0,False
2020-12-07,country,Iceland,30,10,0,0.0,False
2021-01-04,country,Iceland,7,10,0,0.0,False
2020-12-07,country,Iceland,14,10,0,0.0,False
2020-12-07,country,Iceland,1,10,1,0.1,False
2020-11-30,country,Iceland,30,10,0,0.0,False
2020-11-30,country,Iceland,14,10,0,0.0,False
2020-11-30,country,Iceland,7,10,0,0.0,False
2020-11-30,country,Iceland,1,10,1,0.1,False
2021-01-04,country,Iceland,1,10,0,0.0,False
2021-01-18,country,Iceland,1,10,1,0.1,False
2020-10-26,country,India,7,223,2,0.008968609865470852,True
2020-10-26,country,India,1,223,16,0.07174887892376682,True
2020-10-26,country,India,14,223,2,0.008968609865470852,True
2020-10-26,country,India,30,223,0,0.0,True
2020-12-28,country,India,30,1093,1,0.0009149130832570906,True
2020-12-28,country,India,1,1537,41,0.026675341574495772,True
2020-12-28,country,India,14,1537,1,0.0006506180871828237,True
2020-12-28,country,India,7,1537,5,0.0032530904359141183,True
2020-11-09,country,India,30,1557,3,0.0019267822736030828,True
2020-11-09,country,India,14,1557,12,0.007707129094412331,True
2020-11-09,country,India,1,1557,85,0.054592164418754016,True
2020-11-09,country,India,7,1557,29,0.018625561978163133,True
2021-01-25,country,India,1,1625,57,0.035076923076923075,True
2020-11-16,country,India,1,1670,103,0.061676646706586825,True
2020-11-16,country,India,30,1670,6,0.003592814371257485,True
2020-11-16,country,India,14,1670,13,0.007784431137724551,True
2020-11-16,country,India,7,1670,13,0.007784431137724551,True
2020-12-21,country,India,30,1680,2,0.0011904761904761906,True
2020-12-21,country,India,7,1680,7,0.004166666666666667,True
2020-12-21,country,India,1,1680,64,0.0380952380952381,True
2020-12-21,country,India,14,1680,7,0.004166666666666667,True
2020-11-23,country,India,14,1845,9,0.004878048780487805,True
2020-11-23,country,India,7,1845,18,0.00975609756097561,True
2020-11-23,country,India,1,1845,100,0.05420054200542006,True
2020-11-23,country,India,30,1845,2,0.001084010840108401,True
2020-11-02,country,India,14,1867,10,0.005356186395286556,True
2020-11-02,country,India,1,1867,133,0.0712372790573112,True
2020-11-02,country,India,30,1867,12,0.006427423674343867,True
2020-11-02,country,India,7,1867,24,0.012854847348687734,True
2021-01-18,country,India,1,1985,77,0.038790931989924435,True
2021-01-18,country,India,7,1985,9,0.004534005037783375,True
2021-01-11,country,India,7,1993,14,0.007024586051179127,True
2021-01-11,country,India,1,1993,74,0.03712995484194681,True
2021-01-11,country,India,14,1993,6,0.0030105368790767687,True
2020-11-30,country,India,1,2019,111,0.0549777117384844,True
2020-11-30,country,India,14,2019,10,0.004952947003467063,True
2020-11-30,country,India,7,2019,21,0.010401188707280832,True
2020-11-30,country,India,30,2019,0,0.0,True
2021-01-04,country,India,7,2128,9,0.0042293233082706765,True
2021-01-04,country,India,14,2128,3,0.0014097744360902255,True
2021-01-04,country,India,1,2128,93,0.043703007518796994,True
2020-12-14,country,India,1,2329,84,0.036066981537140406,True
2020-12-14,country,India,7,2329,13,0.0055817947617003,True
2020-12-14,country,India,30,2329,1,0.00042936882782310007,True
2020-12-14,country,India,14,2329,2,0.0008587376556462001,True
2020-12-07,country,India,1,2691,105,0.03901895206243032,True
2020-12-07,country,India,14,2691,5,0.0018580453363062058,True
2020-12-07,country,India,30,2691,5,0.0018580453363062058,True
2020-12-07,country,India,7,2691,23,0.008547008547008548,True
2020-10-26,country,Indonesia,1,25,0,0.0,False
2020-10-26,country,Indonesia,30,25,0,0.0,False
2020-10-26,country,Indonesia,7,25,1,0.04,False
2020-10-26,country,Indonesia,14,25,0,0.0,False
2020-12-28,country,Indonesia,30,120,0,0.0,True
2021-01-25,country,Indonesia,1,139,3,0.02158273381294964,True
2020-11-09,country,Indonesia,14,147,1,0.006802721088435374,True
2020-11-09,country,Indonesia,7,147,1,0.006802721088435374,True
2020-11-09,country,Indonesia,1,147,12,0.08163265306122448,True
2020-11-09,country,Indonesia,30,147,0,0.0,True
2020-12-21,country,Indonesia,1,161,6,0.037267080745341616,True
2020-12-21,country,Indonesia,14,161,0,0.0,True
2020-12-21,country,Indonesia,30,161,0,0.0,True
2020-12-21,country,Indonesia,7,161,0,0.0,True
2020-11-16,country,Indonesia,7,171,3,0.017543859649122806,True
2020-11-16,country,Indonesia,14,171,1,0.005847953216374269,True
2020-11-16,country,Indonesia,1,171,14,0.08187134502923976,True
2020-11-16,country,Indonesia,30,171,1,0.005847953216374269,True
2020-11-23,country,Indonesia,14,175,0,0.0,True
2020-11-23,country,Indonesia,1,175,10,0.05714285714285714,True
2020-11-23,country,Indonesia,7,175,1,0.005714285714285714,True
2020-11-23,country,Indonesia,30,175,0,0.0,True
2020-11-30,country,Indonesia,30,176,0,0.0,True
2020-12-28,country,Indonesia,7,176,0,0.0,True
2020-11-30,country,Indonesia,1,176,12,0.06818181818181818,True
2020-12-28,country,Indonesia,1,176,5,0.028409090909090908,True
2020-12-28,country,Indonesia,14,176,2,0.011363636363636364,True
2020-11-30,country,Indonesia,7,176,2,0.011363636363636364,True
2020-11-30,country,Indonesia,14,176,0,0.0,True
2021-01-18,country,Indonesia,1,179,15,0.08379888268156424,True
2021-01-18,country,Indonesia,7,179,1,0.00558659217877095,True
2020-11-02,country,Indonesia,14,183,1,0.00546448087431694,True
2020-11-02,country,Indonesia,1,183,8,0.04371584699453552,True
2020-11-02,country,Indonesia,30,183,0,0.0,True
2020-11-02,country,Indonesia,7,183,1,0.00546448087431694,True
2021-01-11,country,Indonesia,7,189,1,0.005291005291005291,True
2021-01-11,country,Indonesia,14,189,0,0.0,True
2021-01-11,country,Indonesia,1,189,6,0.031746031746031744,True
2021-01-04,country,Indonesia,14,210,1,0.004761904761904762,True
2021-01-04,country,Indonesia,1,210,5,0.023809523809523808,True
2021-01-04,country,Indonesia,7,210,0,0.0,True
2020-12-14,country,Indonesia,1,222,13,0.05855855855855856,True
2020-12-14,country,Indonesia,14,222,0,0.0,True
2020-12-14,country,Indonesia,30,222,0,0.0,True
2020-12-14,country,Indonesia,7,222,0,0.0,True
2020-12-07,country,Indonesia,1,232,15,0.06465517241379311,True
2020-12-07,country,Indonesia,30,232,3,0.01293103448275862,True
2020-12-07,country,Indonesia,14,232,0,0.0,True
2020-12-07,country,Indonesia,7,232,5,0.021551724137931036,True
2020-10-26,country,Iraq,7,2,0,0.0,False
2020-10-26,country,Iraq,30,2,0,0.0,False
2020-10-26,country,Iraq,1,2,0,0.0,False
2020-10-26,country,Iraq,14,2,0,0.0,False
2021-01-25,country,Iraq,1,7,2,0.2857142857142857,False
2020-11-16,country,Iraq,1,8,1,0.125,False
2020-11-16,country,Iraq,14,8,0,0.0,False
2020-11-16,country,Iraq,7,8,0,0.0,False
2020-11-16,country,Iraq,30,8,0,0.0,False
2020-12-28,country,Iraq,30,9,0,0.0,False
2020-11-09,country,Iraq,7,9,0,0.0,False
2020-11-02,country,Iraq,30,9,0,0.0,False
2020-11-09,country,Iraq,1,9,0,0.0,False
2020-11-09,country,Iraq,14,9,0,0.0,False
2020-11-02,country,Iraq,14,9,0,0.0,False
2020-11-02,country,Iraq,1,9,1,0.1111111111111111,False
2020-11-02,country,Iraq,7,9,0,0.0,False
2020-11-09,country,Iraq,30,9,0,0.0,False
2020-12-28,country,Iraq,14,11,0,0.0,False
2020-12-21,country,Iraq,14,11,0,0.0,False
2020-12-28,country,Iraq,1,11,0,0.0,False
2020-11-30,country,Iraq,7,11,0,0.0,False
2020-11-30,country,Iraq,14,11,0,0.0,False
2020-11-30,country,Iraq,30,11,0,0.0,False
2020-12-21,country,Iraq,1,11,0,0.0,False
2020-11-30,country,Iraq,1,11,2,0.18181818181818182,False
2020-12-21,country,Iraq,7,11,1,0.09090909090909091,False
2020-12-28,country,Iraq,7,11,0,0.0,False
2020-12-21,country,Iraq,30,11,0,0.0,False
2021-01-11,country,Iraq,1,14,2,0.14285714285714285,False
2021-01-04,country,Iraq,7,14,0,0.0,False
2021-01-11,country,Iraq,14,14,0,0.0,False
2021-01-11,country,Iraq,7,14,1,0.07142857142857142,False
2021-01-04,country,Iraq,1,14,0,0.0,False
2021-01-04,country,Iraq,14,14,0,0.0,False
2020-12-14,country,Iraq,1,15,2,0.13333333333333333,False
2020-12-14,country,Iraq,14,15,0,0.0,False
2020-12-14,country,Iraq,30,15,0,0.0,False
2020-12-14,country,Iraq,7,15,0,0.0,False
2020-11-23,country,Iraq,14,17,0,0.0,False
2020-11-23,country,Iraq,7,17,0,0.0,False
2020-11-23,country,Iraq,1,17,0,0.0,False
2020-11-23,country,Iraq,30,17,0,0.0,False
2021-01-18,country,Iraq,1,18,2,0.1111111111111111,False
2021-01-18,country,Iraq,7,18,0,0.0,False
2020-12-07,country,Iraq,30,23,0,0.0,False
2020-12-07,country,Iraq,1,23,1,0.043478260869565216,False
2020-12-07,country,Iraq,7,23,0,0.0,False
2020-12-07,country,Iraq,14,23,0,0.0,False
2020-10-26,country,Ireland,1,15,1,0.06666666666666667,False
2020-10-26,country,Ireland,7,15,0,0.0,False
2020-10-26,country,Ireland,14,15,0,0.0,False
2020-10-26,country,Ireland,30,15,0,0.0,False
2020-12-28,country,Ireland,30,67,0,0.0,False
2020-11-09,country,Ireland,1,88,3,0.03409090909090909,False
2020-11-09,country,Ireland,30,88,1,0.011363636363636364,False
2020-11-09,country,Ireland,7,88,1,0.011363636363636364,False
2020-11-09,country,Ireland,14,88,0,0.0,False
2021-01-25,country,Ireland,1,91,2,0.02197802197802198,False
2020-12-28,country,Ireland,7,101,0,0.0,True
2020-12-28,country,Ireland,14,101,1,0.009900990099009901,True
2020-12-28,country,Ireland,1,101,3,0.0297029702970297,True
2021-01-18,country,Ireland,7,106,1,0.009433962264150943,True
2021-01-18,country,Ireland,1,106,9,0.08490566037735849,True
2020-11-16,country,Ireland,1,109,6,0.05504587155963303,True
2020-11-16,country,Ireland,30,109,0,0.0,True
2020-11-16,country,Ireland,7,109,1,0.009174311926605505,True
2020-11-16,country,Ireland,14,109,0,0.0,True
2020-12-21,country,Ireland,30,111,0,0.0,True
2020-12-21,country,Ireland,7,111,1,0.009009009009009009,True
2020-12-21,country,Ireland,14,111,1,0.009009009009009009,True
2020-12-21,country,Ireland,1,111,1,0.009009009009009009,True
2021-01-11,country,Ireland,1,112,6,0.05357142857142857,True
2021-01-11,country,Ireland,7,112,2,0.017857142857142856,True
2021-01-11,country,Ireland,14,112,0,0.0,True
2020-11-02,country,Ireland,1,114,8,0.07017543859649122,True
2020-11-02,country,Ireland,14,114,1,0.008771929824561403,True
2020-11-02,country,Ireland,7,114,1,0.008771929824561403,True
2020-11-02,country,Ireland,30,114,0,0.0,True
2020-11-23,country,Ireland,1,127,7,0.05511811023622047,True
2020-11-23,country,Ireland,30,127,0,0.0,True
2020-11-23,country,Ireland,7,127,4,0.031496062992125984,True
2020-11-23,country,Ireland,14,127,2,0.015748031496062992,True
2021-01-04,country,Ireland,14,132,0,0.0,True
2021-01-04,country,Ireland,7,132,0,0.0,True
2021-01-04,country,Ireland,1,132,5,0.03787878787878788,True
2020-11-30,country,Ireland,14,136,1,0.007352941176470588,True
2020-11-30,country,Ireland,1,136,10,0.07352941176470588,True
2020-11-30,country,Ireland,30,136,0,0.0,True
2020-11-30,country,Ireland,7,136,2,0.014705882352941176,True
2020-12-14,country,Ireland,14,158,2,0.012658227848101266,True
2020-12-14,country,Ireland,30,158,0,0.0,True
2020-12-14,country,Ireland,1,158,9,0.056962025316455694,True
2020-12-14,country,Ireland,7,158,1,0.006329113924050633,True
2020-12-07,country,Ireland,7,171,0,0.0,True
2020-12-07,country,Ireland,14,171,1,0.005847953216374269,True
2020-12-07,country,Ireland,30,171,0,0.0,True
2020-12-07,country,Ireland,1,171,9,0.05263157894736842,True
2020-10-26,country,Israel,30,11,1,0.09090909090909091,False
2020-10-26,country,Israel,1,11,0,0.0,False
2020-10-26,country,Israel,7,11,0,0.0,False
2020-10-26,country,Israel,14,11,0,0.0,False
2020-12-28,country,Israel,30,61,0,0.0,False
2020-11-09,country,Israel,1,76,4,0.05263157894736842,False
2020-11-16,country,Israel,7,76,1,0.013157894736842105,False
2020-11-16,country,Israel,1,76,5,0.06578947368421052,False
2020-11-16,country,Israel,14,76,0,0.0,False
2020-11-09,country,Israel,30,76,0,0.0,False
2020-11-16,country,Israel,30,76,0,0.0,False
2020-11-09,country,Israel,7,76,0,0.0,False
2020-11-09,country,Israel,14,76,1,0.013157894736842105,False
2021-01-25,country,Israel,1,78,6,0.07692307692307693,False
2020-12-28,country,Israel,7,79,0,0.0,False
2020-12-28,country,Israel,14,79,0,0.0,False
2020-12-28,country,Israel,1,79,3,0.0379746835443038,False
2020-12-21,country,Israel,30,84,0,0.0,False
2020-12-21,country,Israel,7,84,0,0.0,False
2020-12-21,country,Israel,14,84,0,0.0,False
2020-12-21,country,Israel,1,84,1,0.011904761904761904,False
2020-11-30,country,Israel,1,87,4,0.04597701149425287,False
2020-11-30,country,Israel,14,87,0,0.0,False
2020-11-30,country,Israel,7,87,1,0.011494252873563218,False
2020-11-30,country,Israel,30,87,0,0.0,False
2020-11-23,country,Israel,1,94,7,0.07446808510638298,False
2020-11-23,country,Israel,7,94,4,0.0425531914893617,False
2020-11-23,country,Israel,14,94,0,0.0,False
2020-11-23,country,Israel,30,94,1,0.010638297872340425,False
2020-11-02,country,Israel,14,95,1,0.010526315789473684,False
2020-11-02,country,Israel,7,95,0,0.0,False
2020-11-02,country,Israel,30,95,0,0.0,False
2020-11-02,country,Israel,1,95,5,0.05263157894736842,False
2021-01-18,country,Israel,7,98,0,0.0,False
2021-01-18,country,Israel,1,98,3,0.030612244897959183,False
2020-12-14,country,Israel,30,102,0,0.0,True
2020-12-14,country,Israel,7,102,1,0.00980392156862745,True
2020-12-14,country,Israel,14,102,1,0.00980392156862745,True
2020-12-14,country,Israel,1,102,7,0.06862745098039216,True
2021-01-04,country,Israel,14,118,0,0.0,True
2021-01-04,country,Israel,1,118,6,0.05084745762711865,True
2021-01-04,country,Israel,7,118,0,0.0,True
2021-01-11,country,Israel,14,119,1,0.008403361344537815,True
2021-01-11,country,Israel,1,119,4,0.03361344537815126,True
2021-01-11,country,Israel,7,119,1,0.008403361344537815,True
2020-12-07,country,Israel,14,133,0,0.0,True
2020-12-07,country,Israel,30,133,1,0.007518796992481203,True
2020-12-07,country,Israel,7,133,1,0.007518796992481203,True
2020-12-07,country,Israel,1,133,3,0.022556390977443608,True
2020-10-26,country,Italy,14,28,0,0.0,False
2020-10-26,country,Italy,30,28,0,0.0,False
2020-10-26,country,Italy,7,28,0,0.0,False
2020-10-26,country,Italy,1,28,1,0.03571428571428571,False
2020-12-28,country,Italy,30,149,0,0.0,True
2020-12-28,country,Italy,7,223,0,0.0,True
2020-12-28,country,Italy,1,223,3,0.013452914798206279,True
2020-12-28,country,Italy,14,223,1,0.004484304932735426,True
2021-01-25,country,Italy,1,231,7,0.030303030303030304,True
2020-11-09,country,Italy,7,236,3,0.012711864406779662,True
2020-11-09,country,Italy,1,236,11,0.046610169491525424,True
2020-11-09,country,Italy,14,236,2,0.00847457627118644,True
2020-11-09,country,Italy,30,236,1,0.00423728813559322,True
2020-11-16,country,Italy,14,254,2,0.007874015748031496,True
2020-11-16,country,Italy,1,254,16,0.06299212598425197,True
2020-11-16,country,Italy,30,254,1,0.003937007874015748,True
2020-11-16,country,Italy,7,254,2,0.007874015748031496,True
2020-12-21,country,Italy,30,258,1,0.003875968992248062,True
2020-12-21,country,Italy,7,258,1,0.003875968992248062,True
2020-12-21,country,Italy,1,258,8,0.031007751937984496,True
2020-12-21,country,Italy,14,258,2,0.007751937984496124,True
2020-11-02,country,Italy,30,273,1,0.003663003663003663,True
2020-11-02,country,Italy,7,273,2,0.007326007326007326,True
2020-11-02,country,Italy,1,273,12,0.04395604395604396,True
2020-11-02,country,Italy,14,273,1,0.003663003663003663,True
2021-01-18,country,Italy,7,274,0,0.0,True
2021-01-18,country,Italy,1,274,7,0.025547445255474453,True
2021-01-04,country,Italy,1,290,16,0.05517241379310345,True
2021-01-04,country,Italy,7,290,2,0.006896551724137931,True
2021-01-04,country,Italy,14,290,2,0.006896551724137931,True
2020-11-23,country,Italy,7,294,3,0.01020408163265306,True
2020-11-23,country,Italy,14,294,1,0.003401360544217687,True
2020-11-23,country,Italy,30,294,0,0.0,True
2020-11-23,country,Italy,1,294,17,0.05782312925170068,True
2021-01-11,country,Italy,14,296,2,0.006756756756756757,True
2021-01-11,country,Italy,7,296,0,0.0,True
2021-01-11,country,Italy,1,296,21,0.07094594594594594,True
2020-11-30,country,Italy,30,318,1,0.0031446540880503146,True
2020-11-30,country,Italy,14,318,3,0.009433962264150943,True
2020-11-30,country,Italy,7,318,5,0.015723270440251572,True
2020-11-30,country,Italy,1,318,16,0.050314465408805034,True
2020-12-14,country,Italy,1,345,13,0.03768115942028986,True
2020-12-14,country,Italy,7,345,2,0.005797101449275362,True
2020-12-14,country,Italy,14,345,0,0.0,True
2020-12-14,country,Italy,30,345,1,0.002898550724637681,True
2020-12-07,country,Italy,1,395,22,0.05569620253164557,True
2020-12-07,country,Italy,14,395,1,0.002531645569620253,True
2020-12-07,country,Italy,7,395,4,0.010126582278481013,True
2020-12-07,country,Italy,30,395,0,0.0,True
2020-10-26,country,Jamaica,1,1,0,0.0,False
2020-10-26,country,Jamaica,30,1,0,0.0,False
2020-10-26,country,Jamaica,14,1,0,0.0,False
2020-10-26,country,Jamaica,7,1,0,0.0,False
2020-11-02,country,Jamaica,7,3,0,0.0,False
2020-11-02,country,Jamaica,14,3,0,0.0,False
2020-12-28,country,Jamaica,30,3,0,0.0,False
2020-11-02,country,Jamaica,1,3,0,0.0,False
2020-11-02,country,Jamaica,30,3,0,0.0,False
2020-12-28,country,Jamaica,14,5,0,0.0,False
2020-11-23,country,Jamaica,30,5,0,0.0,False
2020-11-23,country,Jamaica,1,5,1,0.2,False
2020-11-23,country,Jamaica,7,5,0,0.0,False
2020-11-23,country,Jamaica,14,5,0,0.0,False
2020-12-28,country,Jamaica,7,5,0,0.0,False
2021-01-18,country,Jamaica,1,5,0,0.0,False
2020-11-09,country,Jamaica,14,5,0,0.0,False
2021-01-25,country,Jamaica,1,5,0,0.0,False
2020-11-09,country,Jamaica,7,5,0,0.0,False
2020-11-09,country,Jamaica,30,5,0,0.0,False
2020-12-28,country,Jamaica,1,5,0,0.0,False
2020-11-09,country,Jamaica,1,5,1,0.2,False
2021-01-18,country,Jamaica,7,5,0,0.0,False
2020-11-16,country,Jamaica,1,6,0,0.0,False
2020-11-16,country,Jamaica,7,6,0,0.0,False
2020-11-16,country,Jamaica,30,6,0,0.0,False
2020-11-30,country,Jamaica,7,6,0,0.0,False
2020-11-30,country,Jamaica,14,6,0,0.0,False
2020-11-30,country,Jamaica,1,6,0,0.0,False
2020-11-16,country,Jamaica,14,6,0,0.0,False
2020-11-30,country,Jamaica,30,6,0,0.0,False
2021-01-04,country,Jamaica,1,8,0,0.0,False
2021-01-04,country,Jamaica,7,8,0,0.0,False
2021-01-04,country,Jamaica,14,8,0,0.0,False
2021-01-11,country,Jamaica,1,9,1,0.1111111111111111,False
2020-12-21,country,Jamaica,30,9,0,0.0,False
2021-01-11,country,Jamaica,7,9,0,0.0,False
2020-12-21,country,Jamaica,1,9,0,0.0,False
2021-01-11,country,Jamaica,14,9,0,0.0,False
2020-12-21,country,Jamaica,7,9,1,0.1111111111111111,False
2020-12-21,country,Jamaica,14,9,0,0.0,False
2020-12-07,country,Jamaica,14,10,0,0.0,False
2020-12-14,country,Jamaica,30,10,0,0.0,False
2020-12-14,country,Jamaica,14,10,0,0.0,False
2020-12-07,country,Jamaica,1,10,0,0.0,False
2020-12-14,country,Jamaica,7,10,0,0.0,False
2020-12-07,country,Jamaica,30,10,0,0.0,False
2020-12-07,country,Jamaica,7,10,0,0.0,False
2020-12-14,country,Jamaica,1,10,1,0.1,False
2020-10-26,country,Japan,1,32,2,0.0625,False
2020-10-26,country,Japan,14,32,0,0.0,False
2020-10-26,country,Japan,7,32,0,0.0,False
2020-10-26,country,Japan,30,32,0,0.0,False
2020-12-28,country,Japan,30,159,0,0.0,True
2020-12-21,country,Japan,1,216,7,0.032407407407407406,True
2020-12-21,country,Japan,30,216,1,0.004629629629629629,True
2020-12-21,country,Japan,14,216,0,0.0,True
2020-12-21,country,Japan,7,216,1,0.004629629629629629,True
2020-12-28,country,Japan,14,223,0,0.0,True
2020-12-28,country,Japan,1,223,7,0.03139013452914798,True
2020-12-28,country,Japan,7,223,2,0.008968609865470852,True
2020-11-09,country,Japan,30,225,2,0.008888888888888889,True
2020-11-09,country,Japan,14,225,3,0.013333333333333334,True
2020-11-09,country,Japan,1,225,13,0.057777777777777775,True
2020-11-09,country,Japan,7,225,1,0.0044444444444444444,True
2021-01-25,country,Japan,1,230,17,0.07391304347826087,True
2020-11-16,country,Japan,7,232,3,0.01293103448275862,True
2020-11-16,country,Japan,1,232,10,0.04310344827586207,True
2020-11-16,country,Japan,30,232,1,0.004310344827586207,True
2020-11-16,country,Japan,14,232,3,0.01293103448275862,True
2020-11-02,country,Japan,30,255,1,0.00392156862745098,True
2020-11-02,country,Japan,1,255,19,0.07450980392156863,True
2020-11-02,country,Japan,7,255,4,0.01568627450980392,True
2020-11-02,country,Japan,14,255,3,0.011764705882352941,True
2021-01-11,country,Japan,14,269,2,0.007434944237918215,True
2021-01-11,country,Japan,7,269,1,0.0037174721189591076,True
2021-01-11,country,Japan,1,269,9,0.03345724907063197,True
2020-11-30,country,Japan,30,276,1,0.0036231884057971015,True
2020-11-30,country,Japan,1,276,20,0.07246376811594203,True
2020-11-30,country,Japan,14,276,1,0.0036231884057971015,True
2020-11-30,country,Japan,7,276,1,0.0036231884057971015,True
2020-11-23,country,Japan,7,277,2,0.007220216606498195,True
2020-11-23,country,Japan,30,277,1,0.0036101083032490976,True
2020-11-23,country,Japan,14,277,0,0.0,True
2020-11-23,country,Japan,1,277,19,0.06859205776173286,True
2021-01-18,country,Japan,7,287,1,0.003484320557491289,True
2021-01-18,country,Japan,1,287,13,0.04529616724738676,True
2021-01-04,country,Japan,14,315,1,0.0031746031746031746,True
2021-01-04,country,Japan,7,315,1,0.0031746031746031746,True
2021-01-04,country,Japan,1,315,9,0.02857142857142857,True
2020-12-14,country,Japan,7,331,1,0.0030211480362537764,True
2020-12-14,country,Japan,14,331,0,0.0,True
2020-12-14,country,Japan,1,331,11,0.03323262839879154,True
2020-12-14,country,Japan,30,331,0,0.0,True
2020-12-07,country,Japan,1,347,22,0.06340057636887608,True
2020-12-07,country,Japan,14,347,1,0.002881844380403458,True
2020-12-07,country,Japan,7,347,2,0.005763688760806916,True
2020-12-07,country,Japan,30,347,0,0.0,True
2020-10-26,country,Jordan,1,1,0,0.0,False
2020-10-26,country,Jordan,14,1,0,0.0,False
2020-10-26,country,Jordan,30,1,0,0.0,False
2020-10-26,country,Jordan,7,1,0,0.0,False
2020-12-28,country,Jordan,30,6,0,0.0,False
2020-11-16,country,Jordan,14,8,0,0.0,False
2020-11-16,country,Jordan,1,8,0,0.0,False
2020-12-21,country,Jordan,30,8,0,0.0,False
2020-11-16,country,Jordan,7,8,0,0.0,False
2020-12-21,country,Jordan,7,8,0,0.0,False
2020-12-21,country,Jordan,1,8,1,0.125,False
2020-12-21,country,Jordan,14,8,0,0.0,False
2020-11-16,country,Jordan,30,8,0,0.0,False
2021-01-11,country,Jordan,14,9,0,0.0,False
2021-01-11,country,Jordan,7,9,0,0.0,False
2021-01-11,country,Jordan,1,9,0,0.0,False
2020-11-30,country,Jordan,7,11,0,0.0,False
2021-01-25,country,Jordan,1,11,0,0.0,False
2020-11-30,country,Jordan,14,11,0,0.0,False
2020-11-30,country,Jordan,30,11,0,0.0,False
2020-11-30,country,Jordan,1,11,1,0.09090909090909091,False
2021-01-04,country,Jordan,7,12,0,0.0,False
2020-12-28,country,Jordan,1,12,0,0.0,False
2020-11-02,country,Jordan,7,12,0,0.0,False
2021-01-04,country,Jordan,1,12,0,0.0,False
2020-11-02,country,Jordan,14,12,0,0.0,False
2020-12-14,country,Jordan,14,12,0,0.0,False
2020-12-14,country,Jordan,7,12,0,0.0,False
2020-11-02,country,Jordan,30,12,0,0.0,False
2020-12-14,country,Jordan,1,12,0,0.0,False
2020-11-02,country,Jordan,1,12,3,0.25,False
2020-12-14,country,Jordan,30,12,0,0.0,False
2021-01-04,country,Jordan,14,12,0,0.0,False
2020-12-28,country,Jordan,7,12,0,0.0,False
2020-12-28,country,Jordan,14,12,0,0.0,False
2020-11-23,country,Jordan,7,13,0,0.0,False
2020-11-23,country,Jordan,14,13,0,0.0,False
2020-11-23,country,Jordan,1,13,1,0.07692307692307693,False
2020-11-23,country,Jordan,30,13,0,0.0,False
2021-01-18,country,Jordan,1,15,0,0.0,False
2020-11-09,country,Jordan,14,15,0,0.0,False
2020-12-07,country,Jordan,1,15,0,0.0,False
2020-11-09,country,Jordan,30,15,0,0.0,False
2021-01-18,country,Jordan,7,15,0,0.0,False
2020-12-07,country,Jordan,30,15,0,0.0,False
2020-11-09,country,Jordan,7,15,0,0.0,False
2020-12-07,country,Jordan,7,15,0,0.0,False
2020-12-07,country,Jordan,14,15,0,0.0,False
2020-11-09,country,Jordan,1,15,0,0.0,False
2020-10-26,country,Kazakhstan,30,1,0,0.0,False
2020-10-26,country,Kazakhstan,1,1,1,1.0,False
2020-10-26,country,Kazakhstan,14,1,0,0.0,False
2020-10-26,country,Kazakhstan,7,1,0,0.0,False
2020-12-28,country,Kazakhstan,30,5,0,0.0,False
2020-11-02,country,Kazakhstan,7,7,0,0.0,False
2020-11-02,country,Kazakhstan,30,7,0,0.0,False
2020-11-02,country,Kazakhstan,14,7,0,0.0,False
2020-11-02,country,Kazakhstan,1,7,1,0.14285714285714285,False
2020-12-28,country,Kazakhstan,7,8,0,0.0,False
2020-12-21,country,Kazakhstan,14,8,0,0.0,False
2020-12-21,country,Kazakhstan,1,8,1,0.125,False
2020-12-21,country,Kazakhstan,30,8,0,0.0,False
2020-12-28,country,Kazakhstan,1,8,1,0.125,False
2020-12-28,country,Kazakhstan,14,8,0,0.0,False
2020-12-21,country,Kazakhstan,7,8,0,0.0,False
2020-11-16,country,Kazakhstan,30,9,0,0.0,False
2020-11-16,country,Kazakhstan,7,9,0,0.0,False
2020-11-16,country,Kazakhstan,1,9,0,0.0,False
2020-11-16,country,Kazakhstan,14,9,0,0.0,False
2021-01-11,country,Kazakhstan,14,10,0,0.0,False
2021-01-18,country,Kazakhstan,1,10,1,0.1,False
2021-01-11,country,Kazakhstan,1,10,0,0.0,False
2021-01-18,country,Kazakhstan,7,10,0,0.0,False
2021-01-11,country,Kazakhstan,7,10,0,0.0,False
2020-11-09,country,Kazakhstan,7,11,1,0.09090909090909091,False
2020-11-09,country,Kazakhstan,30,11,0,0.0,False
2020-11-09,country,Kazakhstan,14,11,1,0.09090909090909091,False
2020-11-09,country,Kazakhstan,1,11,1,0.09090909090909091,False
2020-11-30,country,Kazakhstan,7,12,1,0.08333333333333333,False
2020-11-30,country,Kazakhstan,14,12,0,0.0,False
2020-11-30,country,Kazakhstan,1,12,0,0.0,False
2020-11-30,country,Kazakhstan,30,12,0,0.0,False
2021-01-25,country,Kazakhstan,1,13,0,0.0,False
2020-12-14,country,Kazakhstan,7,15,0,0.0,False
2020-12-14,country,Kazakhstan,14,15,0,0.0,False
2020-12-14,country,Kazakhstan,30,15,0,0.0,False
2020-12-07,country,Kazakhstan,30,15,1,0.06666666666666667,False
2020-12-14,country,Kazakhstan,1,15,2,0.13333333333333333,False
2020-12-07,country,Kazakhstan,14,15,0,0.0,False
2020-12-07,country,Kazakhstan,7,15,1,0.06666666666666667,False
2020-12-07,country,Kazakhstan,1,15,0,0.0,False
2020-11-23,country,Kazakhstan,14,17,0,0.0,False
2020-11-23,country,Kazakhstan,1,17,0,0.0,False
2020-11-23,country,Kazakhstan,7,17,0,0.0,False
2020-11-23,country,Kazakhstan,30,17,0,0.0,False
2021-01-04,country,Kazakhstan,14,19,0,0.0,False
2021-01-04,country,Kazakhstan,7,19,0,0.0,False
2021-01-04,country,Kazakhstan,1,19,0,0.0,False
2020-10-26,country,Kenya,14,1,0,0.0,False
2020-10-26,country,Kenya,7,1,0,0.0,False
2020-10-26,country,Kenya,30,1,0,0.0,False
2020-10-26,country,Kenya,1,1,0,0.0,False
2020-12-28,country,Kenya,30,5,0,0.0,False
2020-12-28,country,Kenya,14,9,0,0.0,False
2020-12-28,country,Kenya,1,9,0,0.0,False
2020-12-28,country,Kenya,7,9,0,0.0,False
2020-11-02,country,Kenya,30,10,0,0.0,False
2020-12-21,country,Kenya,1,10,1,0.1,False
2020-11-16,country,Kenya,7,10,0,0.0,False
2020-11-16,country,Kenya,1,10,1,0.1,False
2020-12-21,country,Kenya,14,10,0,0.0,False
2020-11-02,country,Kenya,1,10,0,0.0,False
2020-12-21,country,Kenya,7,10,0,0.0,False
2020-12-21,country,Kenya,30,10,0,0.0,False
2020-11-02,country,Kenya,7,10,0,0.0,False
2020-11-02,country,Kenya,14,10,0,0.0,False
2020-11-16,country,Kenya,30,10,0,0.0,False
2020-11-16,country,Kenya,14,10,0,0.0,False
2021-01-11,country,Kenya,1,12,0,0.0,False
2021-01-11,country,Kenya,14,12,0,0.0,False
2021-01-25,country,Kenya,1,12,1,0.08333333333333333,False
2021-01-11,country,Kenya,7,12,0,0.0,False
2020-11-09,country,Kenya,14,13,0,0.0,False
2020-11-09,country,Kenya,30,13,0,0.0,False
2020-11-09,country,Kenya,7,13,0,0.0,False
2020-11-09,country,Kenya,1,13,0,0.0,False
2020-11-23,country,Kenya,14,14,0,0.0,False
2020-12-14,country,Kenya,30,14,0,0.0,False
2021-01-04,country,Kenya,1,14,1,0.07142857142857142,False
2021-01-04,country,Kenya,14,14,0,0.0,False
2021-01-04,country,Kenya,7,14,0,0.0,False
2020-12-14,country,Kenya,7,14,0,0.0,False
2020-12-14,country,Kenya,1,14,0,0.0,False
2020-11-23,country,Kenya,7,14,0,0.0,False
2020-11-23,country,Kenya,30,14,0,0.0,False
2020-11-23,country,Kenya,1,14,2,0.14285714285714285,False
2020-12-14,country,Kenya,14,14,0,0.0,False
2020-12-07,country,Kenya,1,15,1,0.06666666666666667,False
2020-12-07,country,Kenya,7,15,0,0.0,False
2020-12-07,country,Kenya,30,15,0,0.0,False
2021-01-18,country,Kenya,1,15,0,0.0,False
2020-12-07,country,Kenya,14,15,0,0.0,False
2021-01-18,country,Kenya,7,15,0,0.0,False
2020-11-30,country,Kenya,1,19,1,0.05263157894736842,False
2020-11-30,country,Kenya,30,19,1,0.05263157894736842,False
2020-11-30,country,Kenya,7,19,1,0.05263157894736842,False
2020-11-30,country,Kenya,14,19,0,0.0,False
2020-11-09,country,Kosovo,7,1,0,0.0,False
2020-10-26,country,Kosovo,14,1,0,0.0,False
2020-11-09,country,Kosovo,30,1,0,0.0,False
2020-10-26,country,Kosovo,1,1,0,0.0,False
2020-10-26,country,Kosovo,30,1,0,0.0,False
2020-11-09,country,Kosovo,1,1,0,0.0,False
2020-10-26,country,Kosovo,7,1,0,0.0,False
2020-11-09,country,Kosovo,14,1,0,0.0,False
2020-11-02,country,Kosovo,1,2,0,0.0,False
2020-11-02,country,Kosovo,14,2,0,0.0,False
2020-11-02,country,Kosovo,30,2,0,0.0,False
2020-11-02,country,Kosovo,7,2,0,0.0,False
2020-11-23,country,Kosovo,30,3,0,0.0,False
2020-11-16,country,Kosovo,1,3,0,0.0,False
2021-01-11,country,Kosovo,7,3,0,0.0,False
2021-01-04,country,Kosovo,1,3,1,0.3333333333333333,False
2021-01-11,country,Kosovo,1,3,0,0.0,False
2020-11-23,country,Kosovo,14,3,0,0.0,False
2021-01-04,country,Kosovo,7,3,0,0.0,False
2020-11-23,country,Kosovo,7,3,0,0.0,False
2020-11-16,country,Kosovo,14,3,0,0.0,False
2021-01-11,country,Kosovo,14,3,0,0.0,False
2021-01-04,country,Kosovo,14,3,0,0.0,False
2020-11-16,country,Kosovo,30,3,0,0.0,False
2020-11-23,country,Kosovo,1,3,0,0.0,False
2020-11-16,country,Kosovo,7,3,0,0.0,False
2020-12-14,country,Kosovo,1,4,0,0.0,False
2020-12-14,country,Kosovo,14,4,0,0.0,False
2020-12-14,country,Kosovo,30,4,0,0.0,False
2020-12-14,country,Kosovo,7,4,0,0.0,False
2020-12-07,country,Kosovo,1,5,0,0.0,False
2020-12-07,country,Kosovo,7,5,0,0.0,False
2020-12-07,country,Kosovo,14,5,0,0.0,False
2020-12-28,country,Kosovo,30,5,1,0.2,False
2020-12-07,country,Kosovo,30,5,0,0.0,False
2020-12-28,country,Kosovo,7,6,0,0.0,False
2020-12-28,country,Kosovo,14,6,0,0.0,False
2020-12-28,country,Kosovo,1,6,1,0.16666666666666666,False
2020-12-21,country,Kosovo,1,7,1,0.14285714285714285,False
2020-12-21,country,Kosovo,30,7,0,0.0,False
2021-01-25,country,Kosovo,1,7,0,0.0,False
2020-12-21,country,Kosovo,7,7,0,0.0,False
2020-12-21,country,Kosovo,14,7,0,0.0,False
2020-11-30,country,Kosovo,14,8,0,0.0,False
2020-11-30,country,Kosovo,30,8,0,0.0,False
2020-11-30,country,Kosovo,1,8,0,0.0,False
2020-11-30,country,Kosovo,7,8,0,0.0,False
2020-10-26,country,Kuwait,1,2,0,0.0,False
2020-10-26,country,Kuwait,30,2,0,0.0,False
2020-10-26,country,Kuwait,7,2,0,0.0,False
2020-10-26,country,Kuwait,14,2,0,0.0,False
2021-01-25,country,Kuwait,1,6,0,0.0,False
2020-12-28,country,Kuwait,30,9,0,0.0,False
2021-01-04,country,Kuwait,14,10,0,0.0,False
2020-11-23,country,Kuwait,30,10,0,0.0,False
2021-01-04,country,Kuwait,1,10,0,0.0,False
2020-11-16,country,Kuwait,7,10,0,0.0,False
2020-11-09,country,Kuwait,30,10,1,0.1,False
2020-12-14,country,Kuwait,30,10,0,0.0,False
2020-11-23,country,Kuwait,14,10,1,0.1,False
2020-12-28,country,Kuwait,14,10,0,0.0,False
2020-11-16,country,Kuwait,1,10,1,0.1,False
2020-12-14,country,Kuwait,14,10,0,0.0,False
2020-11-16,country,Kuwait,14,10,0,0.0,False
2020-11-09,country,Kuwait,1,10,1,0.1,False
2021-01-04,country,Kuwait,7,10,0,0.0,False
2020-11-16,country,Kuwait,30,10,0,0.0,False
2020-12-14,country,Kuwait,1,10,0,0.0,False
2020-11-23,country,Kuwait,1,10,0,0.0,False
2020-12-28,country,Kuwait,7,10,0,0.0,False
2020-11-09,country,Kuwait,14,10,0,0.0,False
2020-12-14,country,Kuwait,7,10,0,0.0,False
2020-12-28,country,Kuwait,1,10,0,0.0,False
2020-11-09,country,Kuwait,7,10,0,0.0,False
2020-11-23,country,Kuwait,7,10,0,0.0,False
2020-11-02,country,Kuwait,30,11,0,0.0,False
2020-11-02,country,Kuwait,1,11,0,0.0,False
2020-11-02,country,Kuwait,14,11,0,0.0,False
2020-11-02,country,Kuwait,7,11,0,0.0,False
2020-12-21,country,Kuwait,14,12,0,0.0,False
2020-12-21,country,Kuwait,1,12,0,0.0,False
2021-01-18,country,Kuwait,1,12,0,0.0,False
2021-01-18,country,Kuwait,7,12,0,0.0,False
2020-12-21,country,Kuwait,7,12,0,0.0,False
2020-12-21,country,Kuwait,30,12,0,0.0,False
2021-01-11,country,Kuwait,1,16,1,0.0625,False
2021-01-11,country,Kuwait,14,16,0,0.0,False
2021-01-11,country,Kuwait,7,16,0,0.0,False
2020-12-07,country,Kuwait,1,18,1,0.05555555555555555,False
2020-11-30,country,Kuwait,30,18,0,0.0,False
2020-12-07,country,Kuwait,7,18,0,0.0,False
2020-11-30,country,Kuwait,1,18,1,0.05555555555555555,False
2020-11-30,country,Kuwait,14,18,0,0.0,False
2020-12-07,country,Kuwait,14,18,0,0.0,False
2020-12-07,country,Kuwait,30,18,1,0.05555555555555555,False
2020-11-30,country,Kuwait,7,18,1,0.05555555555555555,False
2020-10-26,country,Latvia,1,1,0,0.0,False
2020-10-26,country,Latvia,7,1,0,0.0,False
2020-10-26,country,Latvia,14,1,0,0.0,False
2020-10-26,country,Latvia,30,1,0,0.0,False
2021-01-18,country,Latvia,1,5,1,0.2,False
2021-01-18,country,Latvia,7,5,0,0.0,False
2020-11-02,country,Latvia,30,6,0,0.0,False
2020-11-02,country,Latvia,1,6,0,0.0,False
2020-11-02,country,Latvia,14,6,0,0.0,False
2020-11-02,country,Latvia,7,6,0,0.0,False
2020-11-09,country,Latvia,14,8,0,0.0,False
2021-01-04,country,Latvia,1,8,0,0.0,False
2020-12-21,country,Latvia,7,8,0,0.0,False
2020-11-09,country,Latvia,1,8,1,0.125,False
2020-12-21,country,Latvia,14,8,0,0.0,False
2021-01-04,country,Latvia,14,8,0,0.0,False
2020-12-28,country,Latvia,30,8,0,0.0,False
2021-01-04,country,Latvia,7,8,0,0.0,False
2020-11-09,country,Latvia,7,8,0,0.0,False
2020-12-21,country,Latvia,1,8,0,0.0,False
2020-12-21,country,Latvia,30,8,0,0.0,False
2020-11-09,country,Latvia,30,8,0,0.0,False
2021-01-25,country,Latvia,1,9,0,0.0,False
2020-11-30,country,Latvia,30,10,0,0.0,False
2020-12-28,country,Latvia,1,10,0,0.0,False
2020-11-30,country,Latvia,7,10,0,0.0,False
2020-12-07,country,Latvia,7,10,0,0.0,False
2020-11-30,country,Latvia,14,10,0,0.0,False
2020-12-07,country,Latvia,14,10,0,0.0,False
2020-11-30,country,Latvia,1,10,0,0.0,False
2020-12-28,country,Latvia,7,10,0,0.0,False
2020-12-07,country,Latvia,30,10,0,0.0,False
2020-12-07,country,Latvia,1,10,0,0.0,False
2020-12-28,country,Latvia,14,10,0,0.0,False
2020-12-14,country,Latvia,7,11,0,0.0,False
2020-12-14,country,Latvia,14,11,0,0.0,False
2020-12-14,country,Latvia,1,11,0,0.0,False
2020-11-23,country,Latvia,1,11,0,0.0,False
2020-11-23,country,Latvia,14,11,0,0.0,False
2020-11-23,country,Latvia,7,11,0,0.0,False
2020-11-23,country,Latvia,30,11,0,0.0,False
2020-12-14,country,Latvia,30,11,0,0.0,False
2020-11-16,country,Latvia,14,12,0,0.0,False
2020-11-16,country,Latvia,1,12,1,0.08333333333333333,False
2020-11-16,country,Latvia,7,12,0,0.0,False
2020-11-16,country,Latvia,30,12,0,0.0,False
2021-01-11,country,Latvia,7,13,0,0.0,False
2021-01-11,country,Latvia,14,13,0,0.0,False
2021-01-11,country,Latvia,1,13,1,0.07692307692307693,False
2020-12-28,country,Lebanon,1,2,1,0.5,False
2020-12-28,country,Lebanon,14,2,0,0.0,False
2020-12-28,country,Lebanon,30,2,0,0.0,False
2020-12-28,country,Lebanon,7,2,0,0.0,False
2020-12-21,country,Lebanon,7,3,0,0.0,False
2020-10-26,country,Lebanon,1,3,0,0.0,False
2020-10-26,country,Lebanon,14,3,0,0.0,False
2020-10-26,country,Lebanon,7,3,0,0.0,False
2020-10-26,country,Lebanon,30,3,0,0.0,False
2020-12-21,country,Lebanon,14,3,0,0.0,False
2020-12-21,country,Lebanon,30,3,0,0.0,False
2020-12-21,country,Lebanon,1,3,0,0.0,False
2020-11-23,country,Lebanon,14,4,0,0.0,False
2020-11-23,country,Lebanon,1,4,0,0.0,False
2020-11-23,country,Lebanon,30,4,0,0.0,False
2020-11-23,country,Lebanon,7,4,0,0.0,False
2020-11-09,country,Lebanon,1,5,0,0.0,False
2020-11-09,country,Lebanon,7,5,0,0.0,False
2020-11-09,country,Lebanon,30,5,0,0.0,False
2020-11-09,country,Lebanon,14,5,0,0.0,False
2021-01-18,country,Lebanon,1,7,0,0.0,False
2020-11-02,country,Lebanon,1,7,0,0.0,False
2020-11-02,country,Lebanon,14,7,0,0.0,False
2021-01-18,country,Lebanon,7,7,0,0.0,False
2020-11-02,country,Lebanon,7,7,0,0.0,False
2020-11-02,country,Lebanon,30,7,0,0.0,False
2020-12-14,country,Lebanon,14,9,0,0.0,False
2021-01-25,country,Lebanon,1,9,1,0.1111111111111111,False
2020-11-30,country,Lebanon,14,9,0,0.0,False
2020-11-30,country,Lebanon,30,9,0,0.0,False
2020-11-16,country,Lebanon,14,9,0,0.0,False
2020-11-30,country,Lebanon,7,9,0,0.0,False
2020-11-16,country,Lebanon,30,9,0,0.0,False
2020-12-14,country,Lebanon,30,9,0,0.0,False
2020-11-16,country,Lebanon,1,9,0,0.0,False
2020-11-30,country,Lebanon,1,9,1,0.1111111111111111,False
2020-12-14,country,Lebanon,1,9,0,0.0,False
2020-12-14,country,Lebanon,7,9,0,0.0,False
2020-11-16,country,Lebanon,7,9,0,0.0,False
2021-01-04,country,Lebanon,7,11,1,0.09090909090909091,False
2021-01-04,country,Lebanon,1,11,1,0.09090909090909091,False
2021-01-04,country,Lebanon,14,11,0,0.0,False
2020-12-07,country,Lebanon,1,15,1,0.06666666666666667,False
2020-12-07,country,Lebanon,30,15,0,0.0,False
2020-12-07,country,Lebanon,14,15,0,0.0,False
2020-12-07,country,Lebanon,7,15,0,0.0,False
2021-01-11,country,Lebanon,1,17,0,0.0,False
2021-01-11,country,Lebanon,14,17,0,0.0,False
2021-01-11,country,Lebanon,7,17,0,0.0,False
2020-10-26,country,Lithuania,14,4,0,0.0,False
2020-10-26,country,Lithuania,7,4,0,0.0,False
2020-10-26,country,Lithuania,1,4,0,0.0,False
2020-10-26,country,Lithuania,30,4,0,0.0,False
2021-01-25,country,Lithuania,1,11,0,0.0,False
2020-12-28,country,Lithuania,30,12,0,0.0,False
2020-11-30,country,Lithuania,7,13,0,0.0,False
2020-11-30,country,Lithuania,30,13,0,0.0,False
2021-01-18,country,Lithuania,1,13,0,0.0,False
2020-11-30,country,Lithuania,14,13,0,0.0,False
2021-01-18,country,Lithuania,7,13,0,0.0,False
2020-11-30,country,Lithuania,1,13,2,0.15384615384615385,False
2020-11-09,country,Lithuania,7,14,0,0.0,False
2020-11-09,country,Lithuania,14,14,0,0.0,False
2020-11-09,country,Lithuania,1,14,2,0.14285714285714285,False
2020-11-09,country,Lithuania,30,14,0,0.0,False
2020-11-16,country,Lithuania,1,15,2,0.13333333333333333,False
2021-01-04,country,Lithuania,1,15,3,0.2,False
2020-12-14,country,Lithuania,1,15,0,0.0,False
2021-01-04,country,Lithuania,14,15,0,0.0,False
2020-11-16,country,Lithuania,30,15,1,0.06666666666666667,False
2020-11-16,country,Lithuania,14,15,0,0.0,False
2020-12-14,country,Lithuania,30,15,1,0.06666666666666667,False
2020-12-14,country,Lithuania,7,15,0,0.0,False
2020-11-16,country,Lithuania,7,15,2,0.13333333333333333,False
2020-12-14,country,Lithuania,14,15,0,0.0,False
2021-01-04,country,Lithuania,7,15,0,0.0,False
2020-12-28,country,Lithuania,14,17,0,0.0,False
2020-12-28,country,Lithuania,1,17,1,0.058823529411764705,False
2020-12-28,country,Lithuania,7,17,0,0.0,False
2021-01-11,country,Lithuania,7,18,0,0.0,False
2021-01-11,country,Lithuania,14,18,0,0.0,False
2021-01-11,country,Lithuania,1,18,1,0.05555555555555555,False
2020-12-21,country,Lithuania,7,21,0,0.0,False
2020-12-21,country,Lithuania,30,21,0,0.0,False
2020-12-21,country,Lithuania,14,21,0,0.0,False
2020-12-21,country,Lithuania,1,21,0,0.0,False
2020-11-23,country,Lithuania,30,27,0,0.0,False
2020-11-23,country,Lithuania,14,27,0,0.0,False
2020-11-23,country,Lithuania,1,27,2,0.07407407407407407,False
2020-11-23,country,Lithuania,7,27,0,0.0,False
2020-11-02,country,Lithuania,7,30,0,0.0,False
2020-11-02,country,Lithuania,30,30,0,0.0,False
2020-11-02,country,Lithuania,14,30,0,0.0,False
2020-11-02,country,Lithuania,1,30,1,0.03333333333333333,False
2020-12-07,country,Lithuania,1,31,0,0.0,False
2020-12-07,country,Lithuania,14,31,0,0.0,False
2020-12-07,country,Lithuania,30,31,0,0.0,False
2020-12-07,country,Lithuania,7,31,0,0.0,False
2020-11-09,country,Luxembourg,7,2,0,0.0,False
2021-01-11,country,Luxembourg,1,2,0,0.0,False
2020-12-28,country,Luxembourg,14,2,0,0.0,False
2020-11-09,country,Luxembourg,14,2,0,0.0,False
2020-11-09,country,Luxembourg,30,2,0,0.0,False
2020-12-28,country,Luxembourg,1,2,0,0.0,False
2021-01-11,country,Luxembourg,14,2,0,0.0,False
2020-11-09,country,Luxembourg,1,2,0,0.0,False
2020-12-28,country,Luxembourg,7,2,0,0.0,False
2021-01-11,country,Luxembourg,7,2,0,0.0,False
2020-11-16,country,Luxembourg,1,4,0,0.0,False
2021-01-18,country,Luxembourg,7,4,0,0.0,False
2020-11-16,country,Luxembourg,14,4,0,0.0,False
2020-11-30,country,Luxembourg,30,4,0,0.0,False
2020-11-30,country,Luxembourg,7,4,0,0.0,False
2020-11-16,country,Luxembourg,30,4,0,0.0,False
2021-01-04,country,Luxembourg,1,4,1,0.25,False
2021-01-04,country,Luxembourg,7,4,0,0.0,False
2020-11-30,country,Luxembourg,1,4,0,0.0,False
2020-11-30,country,Luxembourg,14,4,0,0.0,False
2021-01-04,country,Luxembourg,14,4,0,0.0,False
2020-11-16,country,Luxembourg,7,4,0,0.0,False
2021-01-18,country,Luxembourg,1,4,0,0.0,False
2020-12-14,country,Luxembourg,30,5,0,0.0,False
2021-01-25,country,Luxembourg,1,5,0,0.0,False
2020-12-14,country,Luxembourg,7,5,0,0.0,False
2020-11-02,country,Luxembourg,1,5,0,0.0,False
2020-11-02,country,Luxembourg,30,5,0,0.0,False
2020-11-02,country,Luxembourg,7,5,0,0.0,False
2020-11-02,country,Luxembourg,14,5,0,0.0,False
2020-12-14,country,Luxembourg,1,5,0,0.0,False
2020-12-14,country,Luxembourg,14,5,0,0.0,False
2020-11-23,country,Luxembourg,14,6,0,0.0,False
2020-11-23,country,Luxembourg,30,6,0,0.0,False
2020-12-07,country,Luxembourg,7,6,0,0.0,False
2020-12-07,country,Luxembourg,30,6,0,0.0,False
2020-12-07,country,Luxembourg,14,6,0,0.0,False
2020-12-07,country,Luxembourg,1,6,0,0.0,False
2020-12-21,country,Luxembourg,1,6,0,0.0,False
2020-11-23,country,Luxembourg,7,6,0,0.0,False
2020-12-21,country,Luxembourg,14,6,0,0.0,False
2020-12-21,country,Luxembourg,7,6,0,0.0,False
2020-12-21,country,Luxembourg,30,6,0,0.0,False
2020-11-23,country,Luxembourg,1,6,0,0.0,False
2020-11-30,country,Macao,1,1,0,0.0,False
2020-11-30,country,Macao,7,1,0,0.0,False
2020-11-16,country,Macao,30,1,0,0.0,False
2020-11-16,country,Macao,1,1,1,1.0,False
2020-11-16,country,Macao,14,1,0,0.0,False
2020-11-30,country,Macao,30,1,0,0.0,False
2020-11-16,country,Macao,7,1,0,0.0,False
2020-11-30,country,Macao,14,1,0,0.0,False
2020-11-02,country,Macao,14,2,0,0.0,False
2020-11-02,country,Macao,1,2,0,0.0,False
2020-11-02,country,Macao,7,2,0,0.0,False
2020-11-02,country,Macao,30,2,0,0.0,False
2021-01-18,country,Macao,1,3,1,0.3333333333333333,False
2021-01-04,country,Macao,14,3,0,0.0,False
2020-11-09,country,Macao,30,3,0,0.0,False
2021-01-18,country,Macao,7,3,0,0.0,False
2021-01-04,country,Macao,1,3,0,0.0,False
2020-11-09,country,Macao,14,3,0,0.0,False
2020-11-09,country,Macao,7,3,0,0.0,False
2021-01-04,country,Macao,7,3,0,0.0,False
2020-11-09,country,Macao,1,3,0,0.0,False
2020-12-28,country,Macao,30,3,0,0.0,False
2020-11-23,country,Macao,7,4,0,0.0,False
2020-12-21,country,Macao,30,4,0,0.0,False
2021-01-25,country,Macao,1,4,0,0.0,False
2020-12-21,country,Macao,1,4,0,0.0,False
2020-12-21,country,Macao,7,4,0,0.0,False
2020-11-23,country,Macao,14,4,0,0.0,False
2020-11-23,country,Macao,30,4,0,0.0,False
2020-12-21,country,Macao,14,4,0,0.0,False
2020-11-23,country,Macao,1,4,0,0.0,False
2020-12-28,country,Macao,1,5,0,0.0,False
2020-12-28,country,Macao,7,5,0,0.0,False
2020-12-28,country,Macao,14,5,0,0.0,False
2021-01-11,country,Macao,1,7,1,0.14285714285714285,False
2021-01-11,country,Macao,14,7,1,0.14285714285714285,False
2021-01-11,country,Macao,7,7,0,0.0,False
2020-12-14,country,Macao,14,8,0,0.0,False
2020-12-14,country,Macao,1,8,0,0.0,False
2020-12-14,country,Macao,30,8,0,0.0,False
2020-12-14,country,Macao,7,8,0,0.0,False
2020-12-07,country,Macao,1,10,1,0.1,False
2020-12-07,country,Macao,14,10,0,0.0,False
2020-12-07,country,Macao,7,10,1,0.1,False
2020-12-07,country,Macao,30,10,0,0.0,False
2020-10-26,country,Malaysia,30,11,0,0.0,False
2020-10-26,country,Malaysia,1,11,0,0.0,False
2020-10-26,country,Malaysia,14,11,1,0.09090909090909091,False
2020-10-26,country,Malaysia,7,11,0,0.0,False
2020-12-28,country,Malaysia,30,50,0,0.0,False
2020-12-28,country,Malaysia,7,75,0,0.0,False
2020-12-28,country,Malaysia,1,75,1,0.013333333333333334,False
2020-12-28,country,Malaysia,14,75,0,0.0,False
2021-01-25,country,Malaysia,1,83,0,0.0,False
2020-12-21,country,Malaysia,7,89,0,0.0,False
2020-12-21,country,Malaysia,1,89,1,0.011235955056179775,False
2020-12-21,country,Malaysia,30,89,0,0.0,False
2020-12-21,country,Malaysia,14,89,0,0.0,False
2020-11-16,country,Malaysia,30,96,0,0.0,False
2020-11-16,country,Malaysia,14,96,2,0.020833333333333332,False
2020-11-16,country,Malaysia,7,96,1,0.010416666666666666,False
2020-11-16,country,Malaysia,1,96,12,0.125,False
2021-01-18,country,Malaysia,1,105,6,0.05714285714285714,True
2021-01-18,country,Malaysia,7,105,0,0.0,True
2020-11-02,country,Malaysia,7,109,1,0.009174311926605505,True
2020-11-02,country,Malaysia,14,109,1,0.009174311926605505,True
2020-11-02,country,Malaysia,30,109,0,0.0,True
2020-11-02,country,Malaysia,1,109,6,0.05504587155963303,True
2020-11-09,country,Malaysia,1,112,6,0.05357142857142857,True
2020-11-09,country,Malaysia,30,112,0,0.0,True
2021-01-04,country,Malaysia,1,112,5,0.044642857142857144,True
2021-01-04,country,Malaysia,7,112,0,0.0,True
2020-11-09,country,Malaysia,7,112,0,0.0,True
2020-11-09,country,Malaysia,14,112,0,0.0,True
2021-01-04,country,Malaysia,14,112,0,0.0,True
2020-11-23,country,Malaysia,14,116,0,0.0,True
2020-11-23,country,Malaysia,1,116,7,0.0603448275862069,True
2020-11-23,country,Malaysia,30,116,0,0.0,True
2020-11-23,country,Malaysia,7,116,0,0.0,True
2020-12-14,country,Malaysia,30,124,0,0.0,True
2020-12-14,country,Malaysia,7,124,0,0.0,True
2020-12-14,country,Malaysia,1,124,7,0.056451612903225805,True
2020-12-14,country,Malaysia,14,124,1,0.008064516129032258,True
2020-11-30,country,Malaysia,1,125,6,0.048,True
2021-01-11,country,Malaysia,1,125,4,0.032,True
2021-01-11,country,Malaysia,14,125,0,0.0,True
2020-11-30,country,Malaysia,7,125,3,0.024,True
2020-11-30,country,Malaysia,30,125,0,0.0,True
2021-01-11,country,Malaysia,7,125,0,0.0,True
2020-11-30,country,Malaysia,14,125,0,0.0,True
2020-12-07,country,Malaysia,30,134,0,0.0,True
2020-12-07,country,Malaysia,14,134,1,0.007462686567164179,True
2020-12-07,country,Malaysia,1,134,7,0.05223880597014925,True
2020-12-07,country,Malaysia,7,134,2,0.014925373134328358,True
2021-01-04,country,Malta,1,1,0,0.0,False
2020-12-28,country,Malta,30,1,0,0.0,False
2021-01-04,country,Malta,7,1,0,0.0,False
2021-01-04,country,Malta,14,1,0,0.0,False
2020-12-28,country,Malta,7,2,0,0.0,False
2020-11-16,country,Malta,1,2,0,0.0,False
2020-10-26,country,Malta,1,2,1,0.5,False
2020-12-28,country,Malta,1,2,0,0.0,False
2020-11-16,country,Malta,30,2,0,0.0,False
2020-11-16,country,Malta,14,2,0,0.0,False
2020-10-26,country,Malta,14,2,0,0.0,False
2020-10-26,country,Malta,7,2,0,0.0,False
2020-11-09,country,Malta,1,2,0,0.0,False
2020-11-09,country,Malta,30,2,0,0.0,False
2020-10-26,country,Malta,30,2,0,0.0,False
2020-11-16,country,Malta,7,2,0,0.0,False
2020-11-09,country,Malta,14,2,0,0.0,False
2020-12-28,country,Malta,14,2,0,0.0,False
2020-11-09,country,Malta,7,2,0,0.0,False
2020-11-30,country,Malta,14,3,0,0.0,False
2020-12-14,country,Malta,1,3,0,0.0,False
2020-12-14,country,Malta,14,3,0,0.0,False
2020-12-14,country,Malta,7,3,0,0.0,False
2020-12-14,country,Malta,30,3,0,0.0,False
2020-11-30,country,Malta,30,3,0,0.0,False
2020-11-30,country,Malta,7,3,0,0.0,False
2021-01-25,country,Malta,1,3,0,0.0,False
2020-11-30,country,Malta,1,3,0,0.0,False
2021-01-18,country,Malta,1,4,0,0.0,False
2021-01-18,country,Malta,7,4,0,0.0,False
2020-12-21,country,Malta,30,5,0,0.0,False
2020-12-21,country,Malta,7,5,0,0.0,False
2020-12-21,country,Malta,1,5,0,0.0,False
2020-12-21,country,Malta,14,5,0,0.0,False
2020-12-07,country,Malta,14,6,0,0.0,False
2020-12-07,country,Malta,7,6,0,0.0,False
2020-12-07,country,Malta,1,6,0,0.0,False
2020-12-07,country,Malta,30,6,0,0.0,False
2020-11-02,country,Malta,14,7,0,0.0,False
2020-11-02,country,Malta,1,7,0,0.0,False
2020-11-02,country,Malta,30,7,0,0.0,False
2020-11-02,country,Malta,7,7,0,0.0,False
2021-01-11,country,Malta,1,8,0,0.0,False
2020-11-23,country,Malta,1,8,0,0.0,False
2021-01-11,country,Malta,7,8,0,0.0,False
2021-01-11,country,Malta,14,8,0,0.0,False
2020-11-23,country,Malta,7,8,0,0.0,False
2020-11-23,country,Malta,30,8,0,0.0,False
2020-11-23,country,Malta,14,8,0,0.0,False
2020-10-26,country,Mexico,7,21,0,0.0,False
2020-10-26,country,Mexico,14,21,0,0.0,False
2020-10-26,country,Mexico,30,21,0,0.0,False
2020-10-26,country,Mexico,1,21,2,0.09523809523809523,False
2020-12-28,country,Mexico,30,98,0,0.0,False
2020-11-09,country,Mexico,30,129,0,0.0,True
2020-11-09,country,Mexico,1,129,9,0.06976744186046512,True
2020-11-09,country,Mexico,14,129,1,0.007751937984496124,True
2020-11-09,country,Mexico,7,129,2,0.015503875968992248,True
2020-12-28,country,Mexico,14,140,1,0.007142857142857143,True
2020-12-28,country,Mexico,7,140,1,0.007142857142857143,True
2020-12-28,country,Mexico,1,140,5,0.03571428571428571,True
2020-12-21,country,Mexico,14,143,0,0.0,True
2020-12-21,country,Mexico,7,143,0,0.0,True
2020-12-21,country,Mexico,1,143,4,0.027972027972027972,True
2020-12-21,country,Mexico,30,143,0,0.0,True
2021-01-25,country,Mexico,1,144,6,0.041666666666666664,True
2021-01-11,country,Mexico,7,158,0,0.0,True
2020-11-23,country,Mexico,7,158,3,0.0189873417721519,True
2021-01-11,country,Mexico,14,158,1,0.006329113924050633,True
2021-01-11,country,Mexico,1,158,9,0.056962025316455694,True
2020-11-23,country,Mexico,30,158,0,0.0,True
2020-11-23,country,Mexico,14,158,1,0.006329113924050633,True
2020-11-23,country,Mexico,1,158,4,0.02531645569620253,True
2020-11-16,country,Mexico,14,163,0,0.0,True
2020-11-16,country,Mexico,1,163,6,0.03680981595092025,True
2020-11-16,country,Mexico,7,163,0,0.0,True
2020-11-16,country,Mexico,30,163,0,0.0,True
2021-01-18,country,Mexico,1,164,8,0.04878048780487805,True
2021-01-18,country,Mexico,7,164,1,0.006097560975609756,True
2020-11-02,country,Mexico,1,166,13,0.0783132530120482,True
2020-11-02,country,Mexico,14,166,2,0.012048192771084338,True
2020-11-02,country,Mexico,7,166,2,0.012048192771084338,True
2020-11-02,country,Mexico,30,166,1,0.006024096385542169,True
2020-11-30,country,Mexico,7,200,1,0.005,True
2020-11-30,country,Mexico,1,200,12,0.06,True
2020-11-30,country,Mexico,30,200,0,0.0,True
2020-11-30,country,Mexico,14,200,2,0.01,True
2021-01-04,country,Mexico,7,202,1,0.0049504950495049506,True
2021-01-04,country,Mexico,14,202,0,0.0,True
2021-01-04,country,Mexico,1,202,6,0.0297029702970297,True
2020-12-14,country,Mexico,30,216,0,0.0,True
2020-12-14,country,Mexico,1,216,5,0.023148148148148147,True
2020-12-14,country,Mexico,14,216,0,0.0,True
2020-12-14,country,Mexico,7,216,1,0.004629629629629629,True
2020-12-07,country,Mexico,7,243,3,0.012345679012345678,True
2020-12-07,country,Mexico,30,243,0,0.0,True
2020-12-07,country,Mexico,1,243,12,0.04938271604938271,True
2020-12-07,country,Mexico,14,243,1,0.00411522633744856,True
2021-01-25,country,Mongolia,1,2,0,0.0,False
2020-11-09,country,Mongolia,14,3,0,0.0,False
2020-11-09,country,Mongolia,1,3,0,0.0,False
2020-12-21,country,Mongolia,30,3,0,0.0,False
2020-12-21,country,Mongolia,14,3,0,0.0,False
2020-12-21,country,Mongolia,7,3,0,0.0,False
2020-11-09,country,Mongolia,7,3,0,0.0,False
2020-11-09,country,Mongolia,30,3,0,0.0,False
2020-12-21,country,Mongolia,1,3,0,0.0,False
2020-11-16,country,Mongolia,30,4,0,0.0,False
2020-11-16,country,Mongolia,1,4,0,0.0,False
2020-11-16,country,Mongolia,7,4,0,0.0,False
2020-11-16,country,Mongolia,14,4,0,0.0,False
2020-11-02,country,Mongolia,14,5,0,0.0,False
2020-12-14,country,Mongolia,7,5,0,0.0,False
2021-01-11,country,Mongolia,14,5,0,0.0,False
2020-12-14,country,Mongolia,30,5,0,0.0,False
2020-11-02,country,Mongolia,30,5,0,0.0,False
2020-11-02,country,Mongolia,1,5,1,0.2,False
2021-01-11,country,Mongolia,7,5,0,0.0,False
2020-11-23,country,Mongolia,7,5,0,0.0,False
2020-11-23,country,Mongolia,30,5,0,0.0,False
2020-11-23,country,Mongolia,1,5,2,0.4,False
2021-01-04,country,Mongolia,1,5,0,0.0,False
2021-01-04,country,Mongolia,14,5,0,0.0,False
2020-12-14,country,Mongolia,1,5,0,0.0,False
2021-01-04,country,Mongolia,7,5,0,0.0,False
2021-01-11,country,Mongolia,1,5,0,0.0,False
2020-11-23,country,Mongolia,14,5,0,0.0,False
2020-12-14,country,Mongolia,14,5,0,0.0,False
2020-11-02,country,Mongolia,7,5,0,0.0,False
2021-01-18,country,Mongolia,7,6,0,0.0,False
2021-01-18,country,Mongolia,1,6,0,0.0,False
2020-11-30,country,Mongolia,1,7,0,0.0,False
2020-11-30,country,Mongolia,14,7,0,0.0,False
2020-11-30,country,Mongolia,7,7,0,0.0,False
2020-12-28,country,Mongolia,7,7,0,0.0,False
2020-12-28,country,Mongolia,14,7,0,0.0,False
2020-11-30,country,Mongolia,30,7,0,0.0,False
2020-12-28,country,Mongolia,30,7,0,0.0,False
2020-12-28,country,Mongolia,1,7,0,0.0,False
2020-12-07,country,Mongolia,7,9,0,0.0,False
2020-12-07,country,Mongolia,1,9,1,0.1111111111111111,False
2020-12-07,country,Mongolia,14,9,0,0.0,False
2020-12-07,country,Mongolia,30,9,0,0.0,False
2020-12-28,country,Morocco,30,16,0,0.0,False
2021-01-18,country,Morocco,1,19,0,0.0,False
2021-01-18,country,Morocco,7,19,0,0.0,False
2020-12-28,country,Morocco,14,21,0,0.0,False
2020-12-28,country,Morocco,1,21,1,0.047619047619047616,False
2020-12-28,country,Morocco,7,21,0,0.0,False
2020-11-16,country,Morocco,14,24,0,0.0,False
2020-11-16,country,Morocco,7,24,0,0.0,False
2020-11-16,country,Morocco,1,24,0,0.0,False
2020-11-16,country,Morocco,30,24,0,0.0,False
2020-11-09,country,Morocco,30,26,1,0.038461538461538464,False
2020-11-09,country,Morocco,1,26,2,0.07692307692307693,False
2020-11-09,country,Morocco,7,26,1,0.038461538461538464,False
2020-11-02,country,Morocco,1,26,2,0.07692307692307693,False
2020-11-02,country,Morocco,30,26,0,0.0,False
2020-11-09,country,Morocco,14,26,0,0.0,False
2021-01-04,country,Morocco,1,26,2,0.07692307692307693,False
2021-01-04,country,Morocco,14,26,0,0.0,False
2020-11-02,country,Morocco,14,26,0,0.0,False
2021-01-04,country,Morocco,7,26,0,0.0,False
2020-11-02,country,Morocco,7,26,1,0.038461538461538464,False
2021-01-11,country,Morocco,7,29,0,0.0,False
2021-01-11,country,Morocco,14,29,0,0.0,False
2021-01-11,country,Morocco,1,29,1,0.034482758620689655,False
2020-12-21,country,Morocco,1,30,4,0.13333333333333333,False
2020-12-21,country,Morocco,14,30,0,0.0,False
2020-12-21,country,Morocco,7,30,0,0.0,False
2020-12-21,country,Morocco,30,30,0,0.0,False
2020-12-14,country,Morocco,14,32,0,0.0,False
2020-11-23,country,Morocco,14,32,0,0.0,False
2020-11-23,country,Morocco,30,32,0,0.0,False
2020-11-23,country,Morocco,1,32,1,0.03125,False
2021-01-25,country,Morocco,1,32,2,0.0625,False
2020-11-23,country,Morocco,7,32,0,0.0,False
2020-12-14,country,Morocco,7,32,0,0.0,False
2020-12-14,country,Morocco,30,32,1,0.03125,False
2020-12-14,country,Morocco,1,32,0,0.0,False
2020-12-07,country,Morocco,1,33,1,0.030303030303030304,False
2020-12-07,country,Morocco,30,33,0,0.0,False
2020-12-07,country,Morocco,14,33,0,0.0,False
2020-12-07,country,Morocco,7,33,0,0.0,False
2020-11-30,country,Morocco,1,37,3,0.08108108108108109,False
2020-11-30,country,Morocco,30,37,0,0.0,False
2020-11-30,country,Morocco,14,37,1,0.02702702702702703,False
2020-11-30,country,Morocco,7,37,0,0.0,False
2021-01-25,country,Myanmar (Burma),1,2,0,0.0,False
2020-11-30,country,Myanmar (Burma),30,4,0,0.0,False
2020-11-30,country,Myanmar (Burma),14,4,0,0.0,False
2020-11-30,country,Myanmar (Burma),7,4,0,0.0,False
2020-11-30,country,Myanmar (Burma),1,4,0,0.0,False
2020-12-28,country,Myanmar (Burma),30,5,0,0.0,False
2021-01-04,country,Myanmar (Burma),14,6,0,0.0,False
2020-12-28,country,Myanmar (Burma),1,6,0,0.0,False
2021-01-04,country,Myanmar (Burma),7,6,0,0.0,False
2020-11-02,country,Myanmar (Burma),1,6,0,0.0,False
2020-11-02,country,Myanmar (Burma),30,6,0,0.0,False
2020-11-02,country,Myanmar (Burma),7,6,0,0.0,False
2020-11-02,country,Myanmar (Burma),14,6,0,0.0,False
2020-12-28,country,Myanmar (Burma),14,6,0,0.0,False
2020-12-28,country,Myanmar (Burma),7,6,0,0.0,False
2021-01-04,country,Myanmar (Burma),1,6,0,0.0,False
2020-11-23,country,Myanmar (Burma),30,7,0,0.0,False
2020-12-07,country,Myanmar (Burma),1,7,0,0.0,False
2020-11-23,country,Myanmar (Burma),1,7,0,0.0,False
2020-11-23,country,Myanmar (Burma),14,7,0,0.0,False
2020-12-07,country,Myanmar (Burma),7,7,0,0.0,False
2020-11-23,country,Myanmar (Burma),7,7,1,0.14285714285714285,False
2020-12-07,country,Myanmar (Burma),14,7,0,0.0,False
2020-12-07,country,Myanmar (Burma),30,7,0,0.0,False
2020-11-09,country,Myanmar (Burma),7,8,0,0.0,False
2020-11-09,country,Myanmar (Burma),30,8,0,0.0,False
2020-11-09,country,Myanmar (Burma),14,8,0,0.0,False
2020-11-09,country,Myanmar (Burma),1,8,0,0.0,False
2020-12-21,country,Myanmar (Burma),1,9,0,0.0,False
2020-12-21,country,Myanmar (Burma),14,9,0,0.0,False
2020-12-21,country,Myanmar (Burma),7,9,0,0.0,False
2020-12-21,country,Myanmar (Burma),30,9,0,0.0,False
2021-01-11,country,Myanmar (Burma),1,11,0,0.0,False
2021-01-11,country,Myanmar (Burma),7,11,0,0.0,False
2021-01-11,country,Myanmar (Burma),14,11,0,0.0,False
2020-12-14,country,Myanmar (Burma),7,12,0,0.0,False
2020-11-16,country,Myanmar (Burma),14,12,0,0.0,False
2020-11-16,country,Myanmar (Burma),30,12,0,0.0,False
2020-11-16,country,Myanmar (Burma),7,12,0,0.0,False
2020-12-14,country,Myanmar (Burma),14,12,0,0.0,False
2020-12-14,country,Myanmar (Burma),30,12,0,0.0,False
2020-12-14,country,Myanmar (Burma),1,12,0,0.0,False
2020-11-16,country,Myanmar (Burma),1,12,1,0.08333333333333333,False
2021-01-18,country,Myanmar (Burma),1,15,1,0.06666666666666667,False
2021-01-18,country,Myanmar (Burma),7,15,0,0.0,False
2020-10-26,country,Nepal,7,2,0,0.0,False
2020-10-26,country,Nepal,14,2,0,0.0,False
2020-10-26,country,Nepal,30,2,0,0.0,False
2020-10-26,country,Nepal,1,2,0,0.0,False
2020-11-09,country,Nepal,14,3,0,0.0,False
2020-11-09,country,Nepal,30,3,0,0.0,False
2020-11-09,country,Nepal,1,3,0,0.0,False
2020-11-09,country,Nepal,7,3,0,0.0,False
2020-11-02,country,Nepal,7,6,0,0.0,False
2020-12-07,country,Nepal,1,6,1,0.16666666666666666,False
2020-12-21,country,Nepal,14,6,0,0.0,False
2020-12-21,country,Nepal,30,6,0,0.0,False
2020-11-02,country,Nepal,30,6,0,0.0,False
2020-12-28,country,Nepal,30,6,0,0.0,False
2020-12-07,country,Nepal,7,6,0,0.0,False
2020-11-02,country,Nepal,1,6,0,0.0,False
2020-12-07,country,Nepal,14,6,0,0.0,False
2020-11-02,country,Nepal,14,6,0,0.0,False
2020-12-21,country,Nepal,7,6,0,0.0,False
2020-12-07,country,Nepal,30,6,0,0.0,False
2020-12-21,country,Nepal,1,6,0,0.0,False
2021-01-25,country,Nepal,1,7,1,0.14285714285714285,False
2020-11-23,country,Nepal,7,8,0,0.0,False
2020-11-23,country,Nepal,30,8,0,0.0,False
2020-11-23,country,Nepal,14,8,0,0.0,False
2020-11-23,country,Nepal,1,8,0,0.0,False
2021-01-18,country,Nepal,7,9,0,0.0,False
2021-01-18,country,Nepal,1,9,0,0.0,False
2020-12-28,country,Nepal,7,9,0,0.0,False
2020-12-28,country,Nepal,14,9,0,0.0,False
2020-12-28,country,Nepal,1,9,2,0.2222222222222222,False
2020-11-16,country,Nepal,7,10,0,0.0,False
2021-01-04,country,Nepal,1,10,0,0.0,False
2020-11-16,country,Nepal,14,10,1,0.1,False
2021-01-04,country,Nepal,7,10,0,0.0,False
2020-11-16,country,Nepal,30,10,0,0.0,False
2020-11-16,country,Nepal,1,10,1,0.1,False
2021-01-04,country,Nepal,14,10,0,0.0,False
2021-01-11,country,Nepal,1,11,1,0.09090909090909091,False
2021-01-11,country,Nepal,14,11,0,0.0,False
2021-01-11,country,Nepal,7,11,0,0.0,False
2020-12-14,country,Nepal,1,12,0,0.0,False
2020-12-14,country,Nepal,30,12,0,0.0,False
2020-12-14,country,Nepal,14,12,0,0.0,False
2020-12-14,country,Nepal,7,12,0,0.0,False
2020-11-30,country,Nepal,7,14,0,0.0,False
2020-11-30,country,Nepal,1,14,1,0.07142857142857142,False
2020-11-30,country,Nepal,30,14,0,0.0,False
2020-11-30,country,Nepal,14,14,0,0.0,False
2020-10-26,country,Netherlands,1,27,2,0.07407407407407407,False
2020-10-26,country,Netherlands,14,27,0,0.0,False
2020-10-26,country,Netherlands,7,27,1,0.037037037037037035,False
2020-10-26,country,Netherlands,30,27,0,0.0,False
2020-12-28,country,Netherlands,30,128,0,0.0,True
2020-12-21,country,Netherlands,14,174,1,0.005747126436781609,True
2020-12-21,country,Netherlands,1,174,5,0.028735632183908046,True
2020-12-21,country,Netherlands,7,174,0,0.0,True
2020-12-21,country,Netherlands,30,174,0,0.0,True
2020-11-09,country,Netherlands,7,186,2,0.010752688172043012,True
2020-11-09,country,Netherlands,30,186,2,0.010752688172043012,True
2020-11-09,country,Netherlands,1,186,11,0.05913978494623656,True
2020-11-09,country,Netherlands,14,186,1,0.005376344086021506,True
2021-01-25,country,Netherlands,1,193,7,0.03626943005181347,True
2020-12-28,country,Netherlands,7,194,0,0.0,True
2020-12-28,country,Netherlands,1,194,2,0.010309278350515464,True
2020-12-28,country,Netherlands,14,194,0,0.0,True
2020-11-16,country,Netherlands,7,199,2,0.010050251256281407,True
2020-11-16,country,Netherlands,14,199,3,0.01507537688442211,True
2020-11-16,country,Netherlands,1,199,11,0.05527638190954774,True
2020-11-16,country,Netherlands,30,199,0,0.0,True
2020-11-02,country,Netherlands,1,214,22,0.102803738317757,True
2020-11-02,country,Netherlands,7,214,5,0.02336448598130841,True
2020-11-02,country,Netherlands,14,214,3,0.014018691588785047,True
2020-11-02,country,Netherlands,30,214,1,0.004672897196261682,True
2021-01-11,country,Netherlands,1,220,7,0.031818181818181815,True
2021-01-11,country,Netherlands,7,220,2,0.00909090909090909,True
2021-01-11,country,Netherlands,14,220,0,0.0,True
2020-11-23,country,Netherlands,1,227,20,0.0881057268722467,True
2020-11-23,country,Netherlands,14,227,0,0.0,True
2020-11-23,country,Netherlands,7,227,4,0.01762114537444934,True
2020-11-23,country,Netherlands,30,227,1,0.004405286343612335,True
2020-11-30,country,Netherlands,30,234,0,0.0,True
2020-11-30,country,Netherlands,7,234,4,0.017094017094017096,True
2020-11-30,country,Netherlands,14,234,0,0.0,True
2020-11-30,country,Netherlands,1,234,15,0.0641025641025641,True
2021-01-04,country,Netherlands,1,247,13,0.05263157894736842,True
2021-01-04,country,Netherlands,14,247,1,0.004048582995951417,True
2021-01-04,country,Netherlands,7,247,0,0.0,True
2021-01-18,country,Netherlands,7,263,4,0.015209125475285171,True
2021-01-18,country,Netherlands,1,263,14,0.053231939163498096,True
2020-12-14,country,Netherlands,30,294,0,0.0,True
2020-12-14,country,Netherlands,7,294,0,0.0,True
2020-12-14,country,Netherlands,1,294,11,0.03741496598639456,True
2020-12-14,country,Netherlands,14,294,0,0.0,True
2020-12-07,country,Netherlands,30,346,1,0.002890173410404624,True
2020-12-07,country,Netherlands,7,346,4,0.011560693641618497,True
2020-12-07,country,Netherlands,14,346,0,0.0,True
2020-12-07,country,Netherlands,1,346,8,0.023121387283236993,True
2020-10-26,country,New Zealand,14,4,0,0.0,False
2020-10-26,country,New Zealand,30,4,0,0.0,False
2020-10-26,country,New Zealand,1,4,0,0.0,False
2020-10-26,country,New Zealand,7,4,0,0.0,False
2020-12-28,country,New Zealand,30,16,0,0.0,False
2020-12-28,country,New Zealand,1,20,0,0.0,False
2020-12-28,country,New Zealand,7,20,0,0.0,False
2020-12-28,country,New Zealand,14,20,0,0.0,False
2021-01-18,country,New Zealand,7,22,0,0.0,False
2021-01-18,country,New Zealand,1,22,2,0.09090909090909091,False
2020-12-21,country,New Zealand,1,25,2,0.08,False
2020-12-21,country,New Zealand,7,25,0,0.0,False
2020-11-02,country,New Zealand,1,25,2,0.08,False
2020-12-21,country,New Zealand,30,25,0,0.0,False
2020-12-21,country,New Zealand,14,25,0,0.0,False
2020-11-02,country,New Zealand,30,25,0,0.0,False
2020-11-02,country,New Zealand,14,25,1,0.04,False
2020-11-02,country,New Zealand,7,25,0,0.0,False
2021-01-04,country,New Zealand,7,26,0,0.0,False
2021-01-04,country,New Zealand,14,26,0,0.0,False
2021-01-04,country,New Zealand,1,26,3,0.11538461538461539,False
2020-11-09,country,New Zealand,30,27,0,0.0,False
2020-11-16,country,New Zealand,14,27,0,0.0,False
2020-11-16,country,New Zealand,1,27,0,0.0,False
2020-11-09,country,New Zealand,7,27,0,0.0,False
2020-11-16,country,New Zealand,30,27,0,0.0,False
2020-11-09,country,New Zealand,1,27,2,0.07407407407407407,False
2020-11-16,country,New Zealand,7,27,0,0.0,False
2020-11-09,country,New Zealand,14,27,0,0.0,False
2020-11-23,country,New Zealand,7,28,0,0.0,False
2020-11-23,country,New Zealand,30,28,0,0.0,False
2020-11-23,country,New Zealand,1,28,0,0.0,False
2020-11-23,country,New Zealand,14,28,1,0.03571428571428571,False
2020-12-07,country,New Zealand,1,29,0,0.0,False
2020-12-07,country,New Zealand,7,29,0,0.0,False
2020-12-07,country,New Zealand,14,29,0,0.0,False
2020-12-07,country,New Zealand,30,29,0,0.0,False
2021-01-11,country,New Zealand,7,31,1,0.03225806451612903,False
2021-01-11,country,New Zealand,14,31,0,0.0,False
2021-01-11,country,New Zealand,1,31,1,0.03225806451612903,False
2021-01-25,country,New Zealand,1,32,2,0.0625,False
2020-11-30,country,New Zealand,7,33,0,0.0,False
2020-11-30,country,New Zealand,14,33,0,0.0,False
2020-11-30,country,New Zealand,1,33,1,0.030303030303030304,False
2020-11-30,country,New Zealand,30,33,0,0.0,False
2020-12-14,country,New Zealand,1,40,1,0.025,False
2020-12-14,country,New Zealand,7,40,0,0.0,False
2020-12-14,country,New Zealand,30,40,0,0.0,False
2020-12-14,country,New Zealand,14,40,0,0.0,False
2020-10-26,country,Nigeria,14,2,0,0.0,False
2020-10-26,country,Nigeria,1,2,0,0.0,False
2020-10-26,country,Nigeria,30,2,0,0.0,False
2020-10-26,country,Nigeria,7,2,0,0.0,False
2020-12-28,country,Nigeria,30,15,0,0.0,False
2021-01-25,country,Nigeria,1,16,0,0.0,False
2020-12-21,country,Nigeria,30,24,0,0.0,False
2020-12-21,country,Nigeria,14,24,0,0.0,False
2020-12-21,country,Nigeria,1,24,0,0.0,False
2020-12-21,country,Nigeria,7,24,0,0.0,False
2020-11-23,country,Nigeria,1,25,2,0.08,False
2020-12-28,country,Nigeria,14,25,0,0.0,False
2020-11-09,country,Nigeria,30,25,0,0.0,False
2020-11-23,country,Nigeria,7,25,0,0.0,False
2020-11-09,country,Nigeria,7,25,1,0.04,False
2020-11-09,country,Nigeria,1,25,1,0.04,False
2020-12-28,country,Nigeria,7,25,0,0.0,False
2020-11-09,country,Nigeria,14,25,0,0.0,False
2020-12-28,country,Nigeria,1,25,2,0.08,False
2020-11-23,country,Nigeria,14,25,0,0.0,False
2020-11-23,country,Nigeria,30,25,0,0.0,False
2020-11-16,country,Nigeria,1,26,2,0.07692307692307693,False
2020-11-16,country,Nigeria,7,26,1,0.038461538461538464,False
2020-11-16,country,Nigeria,14,26,0,0.0,False
2020-11-16,country,Nigeria,30,26,0,0.0,False
2021-01-11,country,Nigeria,1,28,2,0.07142857142857142,False
2021-01-11,country,Nigeria,14,28,0,0.0,False
2021-01-18,country,Nigeria,7,28,1,0.03571428571428571,False
2021-01-11,country,Nigeria,7,28,2,0.07142857142857142,False
2021-01-18,country,Nigeria,1,28,0,0.0,False
2021-01-04,country,Nigeria,7,32,0,0.0,False
2021-01-04,country,Nigeria,1,32,3,0.09375,False
2021-01-04,country,Nigeria,14,32,0,0.0,False
2020-11-30,country,Nigeria,30,33,0,0.0,False
2020-11-30,country,Nigeria,1,33,0,0.0,False
2020-11-30,country,Nigeria,14,33,0,0.0,False
2020-11-30,country,Nigeria,7,33,0,0.0,False
2020-12-14,country,Nigeria,1,36,0,0.0,False
2020-12-14,country,Nigeria,14,36,0,0.0,False
2020-12-14,country,Nigeria,30,36,0,0.0,False
2020-12-14,country,Nigeria,7,36,0,0.0,False
2020-11-02,country,Nigeria,30,37,0,0.0,False
2020-11-02,country,Nigeria,7,37,0,0.0,False
2020-11-02,country,Nigeria,14,37,0,0.0,False
2020-11-02,country,Nigeria,1,37,2,0.05405405405405406,False
2020-12-07,country,Nigeria,7,42,1,0.023809523809523808,False
2020-12-07,country,Nigeria,14,42,0,0.0,False
2020-12-07,country,Nigeria,1,42,1,0.023809523809523808,False
2020-12-07,country,Nigeria,30,42,0,0.0,False
2021-01-25,country,North Macedonia,1,2,0,0.0,False
2020-12-28,country,North Macedonia,30,3,0,0.0,False
2020-12-28,country,North Macedonia,14,4,0,0.0,False
2020-11-23,country,North Macedonia,14,4,0,0.0,False
2020-11-23,country,North Macedonia,7,4,0,0.0,False
2020-12-28,country,North Macedonia,7,4,0,0.0,False
2020-11-23,country,North Macedonia,1,4,0,0.0,False
2020-12-28,country,North Macedonia,1,4,0,0.0,False
2020-11-23,country,North Macedonia,30,4,0,0.0,False
2021-01-11,country,North Macedonia,14,6,0,0.0,False
2021-01-11,country,North Macedonia,1,6,0,0.0,False
2021-01-11,country,North Macedonia,7,6,0,0.0,False
2020-11-16,country,North Macedonia,1,7,1,0.14285714285714285,False
2020-11-16,country,North Macedonia,7,7,0,0.0,False
2020-11-16,country,North Macedonia,14,7,0,0.0,False
2020-11-16,country,North Macedonia,30,7,0,0.0,False
2020-11-30,country,North Macedonia,7,8,1,0.125,False
2020-11-30,country,North Macedonia,14,8,0,0.0,False
2020-11-30,country,North Macedonia,1,8,1,0.125,False
2020-11-30,country,North Macedonia,30,8,0,0.0,False
2020-12-21,country,North Macedonia,1,9,0,0.0,False
2020-11-09,country,North Macedonia,7,9,0,0.0,False
2020-12-21,country,North Macedonia,7,9,1,0.1111111111111111,False
2020-11-09,country,North Macedonia,1,9,0,0.0,False
2020-12-21,country,North Macedonia,14,9,0,0.0,False
2020-12-21,country,North Macedonia,30,9,0,0.0,False
2020-11-09,country,North Macedonia,14,9,0,0.0,False
2020-11-09,country,North Macedonia,30,9,0,0.0,False
2020-12-07,country,North Macedonia,14,11,0,0.0,False
2020-12-07,country,North Macedonia,7,11,0,0.0,False
2020-12-07,country,North Macedonia,30,11,0,0.0,False
2020-12-07,country,North Macedonia,1,11,1,0.09090909090909091,False
2021-01-04,country,North Macedonia,7,12,0,0.0,False
2021-01-18,country,North Macedonia,7,12,0,0.0,False
2021-01-04,country,North Macedonia,1,12,0,0.0,False
2021-01-04,country,North Macedonia,14,12,0,0.0,False
2021-01-18,country,North Macedonia,1,12,0,0.0,False
2020-11-02,country,North Macedonia,14,13,0,0.0,False
2020-11-02,country,North Macedonia,7,13,1,0.07692307692307693,False
2020-11-02,country,North Macedonia,30,13,0,0.0,False
2020-11-02,country,North Macedonia,1,13,2,0.15384615384615385,False
2020-12-14,country,North Macedonia,1,16,2,0.125,False
2020-12-14,country,North Macedonia,14,16,0,0.0,False
2020-12-14,country,North Macedonia,7,16,0,0.0,False
2020-12-14,country,North Macedonia,30,16,0,0.0,False
2020-10-26,country,Norway,1,3,0,0.0,False
2020-10-26,country,Norway,14,3,0,0.0,False
2020-10-26,country,Norway,30,3,0,0.0,False
2020-10-26,country,Norway,7,3,0,0.0,False
2020-11-23,country,Norway,30,19,0,0.0,False
2020-11-23,country,Norway,1,19,1,0.05263157894736842,False
2020-12-28,country,Norway,30,19,0,0.0,False
2020-11-23,country,Norway,14,19,0,0.0,False
2020-11-23,country,Norway,7,19,0,0.0,False
2020-12-21,country,Norway,30,21,0,0.0,False
2020-12-21,country,Norway,7,21,0,0.0,False
2020-12-21,country,Norway,14,21,0,0.0,False
2020-12-21,country,Norway,1,21,0,0.0,False
2021-01-11,country,Norway,1,26,1,0.038461538461538464,False
2021-01-11,country,Norway,14,26,0,0.0,False
2021-01-11,country,Norway,7,26,0,0.0,False
2020-12-28,country,Norway,14,27,0,0.0,False
2020-12-28,country,Norway,1,27,1,0.037037037037037035,False
2020-12-28,country,Norway,7,27,2,0.07407407407407407,False
2021-01-18,country,Norway,7,28,0,0.0,False
2021-01-18,country,Norway,1,28,0,0.0,False
2020-11-09,country,Norway,7,29,0,0.0,False
2020-11-09,country,Norway,30,29,0,0.0,False
2020-11-09,country,Norway,14,29,0,0.0,False
2020-11-09,country,Norway,1,29,0,0.0,False
2021-01-25,country,Norway,1,31,2,0.06451612903225806,False
2020-11-02,country,Norway,30,32,0,0.0,False
2020-11-02,country,Norway,7,32,0,0.0,False
2020-11-02,country,Norway,14,32,0,0.0,False
2020-11-02,country,Norway,1,32,2,0.0625,False
2020-11-16,country,Norway,7,33,1,0.030303030303030304,False
2020-11-16,country,Norway,1,33,5,0.15151515151515152,False
2020-11-16,country,Norway,30,33,0,0.0,False
2020-11-16,country,Norway,14,33,0,0.0,False
2021-01-04,country,Norway,14,35,1,0.02857142857142857,False
2021-01-04,country,Norway,7,35,0,0.0,False
2021-01-04,country,Norway,1,35,2,0.05714285714285714,False
2020-11-30,country,Norway,1,39,2,0.05128205128205128,False
2020-11-30,country,Norway,7,39,0,0.0,False
2020-11-30,country,Norway,30,39,0,0.0,False
2020-11-30,country,Norway,14,39,0,0.0,False
2020-12-07,country,Norway,14,43,1,0.023255813953488372,False
2020-12-07,country,Norway,7,43,0,0.0,False
2020-12-07,country,Norway,1,43,4,0.09302325581395349,False
2020-12-07,country,Norway,30,43,0,0.0,False
2020-12-14,country,Norway,7,44,0,0.0,False
2020-12-14,country,Norway,1,44,1,0.022727272727272728,False
2020-12-14,country,Norway,30,44,0,0.0,False
2020-12-14,country,Norway,14,44,0,0.0,False
2020-10-26,country,Oman,7,1,0,0.0,False
2020-10-26,country,Oman,1,1,0,0.0,False
2020-10-26,country,Oman,14,1,0,0.0,False
2020-10-26,country,Oman,30,1,0,0.0,False
2020-12-21,country,Oman,1,2,0,0.0,False
2020-12-21,country,Oman,30,2,0,0.0,False
2020-12-21,country,Oman,14,2,0,0.0,False
2020-12-21,country,Oman,7,2,0,0.0,False
2020-11-09,country,Oman,30,3,0,0.0,False
2020-12-07,country,Oman,1,3,0,0.0,False
2020-11-09,country,Oman,14,3,0,0.0,False
2020-12-07,country,Oman,30,3,0,0.0,False
2020-12-07,country,Oman,14,3,0,0.0,False
2020-11-09,country,Oman,1,3,0,0.0,False
2020-11-09,country,Oman,7,3,0,0.0,False
2020-12-07,country,Oman,7,3,0,0.0,False
2020-12-28,country,Oman,1,4,0,0.0,False
2021-01-18,country,Oman,1,4,0,0.0,False
2020-11-30,country,Oman,1,4,0,0.0,False
2020-12-28,country,Oman,14,4,0,0.0,False
2021-01-18,country,Oman,7,4,0,0.0,False
2020-12-28,country,Oman,7,4,0,0.0,False
2020-12-28,country,Oman,30,4,0,0.0,False
2020-11-30,country,Oman,30,4,0,0.0,False
2020-11-30,country,Oman,7,4,0,0.0,False
2020-11-16,country,Oman,7,4,0,0.0,False
2020-11-16,country,Oman,14,4,0,0.0,False
2021-01-25,country,Oman,1,4,0,0.0,False
2020-11-16,country,Oman,30,4,0,0.0,False
2020-11-16,country,Oman,1,4,0,0.0,False
2020-11-30,country,Oman,14,4,0,0.0,False
2020-11-02,country,Oman,7,6,0,0.0,False
2020-11-02,country,Oman,1,6,0,0.0,False
2020-11-02,country,Oman,30,6,0,0.0,False
2020-11-02,country,Oman,14,6,0,0.0,False
2020-11-23,country,Oman,14,7,0,0.0,False
2020-11-23,country,Oman,1,7,1,0.14285714285714285,False
2021-01-11,country,Oman,7,7,0,0.0,False
2020-11-23,country,Oman,30,7,0,0.0,False
2021-01-11,country,Oman,1,7,0,0.0,False
2021-01-11,country,Oman,14,7,0,0.0,False
2020-11-23,country,Oman,7,7,0,0.0,False
2021-01-04,country,Oman,14,8,0,0.0,False
2021-01-04,country,Oman,1,8,0,0.0,False
2021-01-04,country,Oman,7,8,0,0.0,False
2020-12-14,country,Oman,1,9,0,0.0,False
2020-12-14,country,Oman,14,9,0,0.0,False
2020-12-14,country,Oman,7,9,0,0.0,False
2020-12-14,country,Oman,30,9,0,0.0,False
2020-10-26,country,Pakistan,30,15,0,0.0,False
2020-10-26,country,Pakistan,14,15,0,0.0,False
2020-10-26,country,Pakistan,1,15,0,0.0,False
2020-10-26,country,Pakistan,7,15,1,0.06666666666666667,False
2020-12-28,country,Pakistan,30,52,0,0.0,False
2021-01-25,country,Pakistan,1,58,5,0.08620689655172414,False
2020-11-09,country,Pakistan,30,68,1,0.014705882352941176,False
2020-11-09,country,Pakistan,7,68,0,0.0,False
2020-11-09,country,Pakistan,1,68,1,0.014705882352941176,False
2020-11-09,country,Pakistan,14,68,0,0.0,False
2020-12-21,country,Pakistan,1,74,0,0.0,False
2020-12-21,country,Pakistan,30,74,0,0.0,False
2020-12-21,country,Pakistan,14,74,0,0.0,False
2020-12-21,country,Pakistan,7,74,0,0.0,False
2020-12-28,country,Pakistan,1,75,2,0.02666666666666667,False
2020-12-28,country,Pakistan,7,75,0,0.0,False
2020-12-28,country,Pakistan,14,75,0,0.0,False
2020-11-16,country,Pakistan,14,80,0,0.0,False
2020-11-16,country,Pakistan,1,80,6,0.075,False
2020-11-16,country,Pakistan,30,80,0,0.0,False
2020-11-16,country,Pakistan,7,80,1,0.0125,False
2020-11-02,country,Pakistan,30,87,0,0.0,False
2020-11-02,country,Pakistan,1,87,4,0.04597701149425287,False
2020-11-02,country,Pakistan,14,87,0,0.0,False
2020-11-02,country,Pakistan,7,87,3,0.034482758620689655,False
2020-11-23,country,Pakistan,7,89,0,0.0,False
2020-11-23,country,Pakistan,1,89,4,0.0449438202247191,False
2020-11-23,country,Pakistan,14,89,0,0.0,False
2020-11-23,country,Pakistan,30,89,0,0.0,False
2021-01-18,country,Pakistan,1,94,6,0.06382978723404255,False
2021-01-18,country,Pakistan,7,94,1,0.010638297872340425,False
2021-01-04,country,Pakistan,1,95,4,0.042105263157894736,False
2021-01-04,country,Pakistan,7,95,0,0.0,False
2021-01-04,country,Pakistan,14,95,0,0.0,False
2020-11-30,country,Pakistan,30,97,0,0.0,False
2020-11-30,country,Pakistan,14,97,0,0.0,False
2020-11-30,country,Pakistan,1,97,4,0.041237113402061855,False
2020-11-30,country,Pakistan,7,97,1,0.010309278350515464,False
2021-01-11,country,Pakistan,14,113,1,0.008849557522123894,True
2021-01-11,country,Pakistan,1,113,6,0.05309734513274336,True
2021-01-11,country,Pakistan,7,113,0,0.0,True
2020-12-14,country,Pakistan,1,114,6,0.05263157894736842,True
2020-12-14,country,Pakistan,7,114,0,0.0,True
2020-12-14,country,Pakistan,30,114,0,0.0,True
2020-12-14,country,Pakistan,14,114,0,0.0,True
2020-12-07,country,Pakistan,1,134,3,0.022388059701492536,True
2020-12-07,country,Pakistan,30,134,0,0.0,True
2020-12-07,country,Pakistan,7,134,3,0.022388059701492536,True
2020-12-07,country,Pakistan,14,134,0,0.0,True
2020-12-28,country,Palestine,7,2,0,0.0,False
2020-12-28,country,Palestine,14,2,0,0.0,False
2020-12-28,country,Palestine,1,2,0,0.0,False
2020-12-28,country,Palestine,30,2,0,0.0,False
2020-12-21,country,Palestine,1,4,0,0.0,False
2020-12-21,country,Palestine,14,4,0,0.0,False
2020-12-21,country,Palestine,7,4,0,0.0,False
2020-12-21,country,Palestine,30,4,0,0.0,False
2021-01-25,country,Palestine,1,4,0,0.0,False
2020-11-02,country,Palestine,14,6,1,0.16666666666666666,False
2020-11-02,country,Palestine,1,6,2,0.3333333333333333,False
2020-11-02,country,Palestine,30,6,0,0.0,False
2020-11-02,country,Palestine,7,6,0,0.0,False
2020-11-09,country,Palestine,30,7,0,0.0,False
2020-11-09,country,Palestine,14,7,0,0.0,False
2020-11-09,country,Palestine,7,7,0,0.0,False
2020-11-09,country,Palestine,1,7,0,0.0,False
2020-11-30,country,Palestine,14,8,0,0.0,False
2021-01-04,country,Palestine,1,8,1,0.125,False
2020-11-30,country,Palestine,7,8,0,0.0,False
2021-01-11,country,Palestine,1,8,1,0.125,False
2020-11-30,country,Palestine,1,8,0,0.0,False
2020-11-30,country,Palestine,30,8,0,0.0,False
2021-01-04,country,Palestine,14,8,0,0.0,False
2021-01-11,country,Palestine,7,8,0,0.0,False
2021-01-04,country,Palestine,7,8,0,0.0,False
2021-01-11,country,Palestine,14,8,0,0.0,False
2020-12-14,country,Palestine,30,9,0,0.0,False
2020-12-14,country,Palestine,1,9,0,0.0,False
2020-12-14,country,Palestine,7,9,0,0.0,False
2020-12-14,country,Palestine,14,9,0,0.0,False
2020-11-16,country,Palestine,7,11,0,0.0,False
2020-11-16,country,Palestine,14,11,0,0.0,False
2020-11-16,country,Palestine,1,11,1,0.09090909090909091,False
2020-11-16,country,Palestine,30,11,0,0.0,False
2021-01-18,country,Palestine,1,13,0,0.0,False
2020-11-23,country,Palestine,30,13,0,0.0,False
2020-11-23,country,Palestine,1,13,2,0.15384615384615385,False
2020-11-23,country,Palestine,7,13,0,0.0,False
2021-01-18,country,Palestine,7,13,0,0.0,False
2020-11-23,country,Palestine,14,13,0,0.0,False
2020-12-07,country,Palestine,30,17,0,0.0,False
2020-12-07,country,Palestine,1,17,1,0.058823529411764705,False
2020-12-07,country,Palestine,7,17,0,0.0,False
2020-12-07,country,Palestine,14,17,0,0.0,False
2021-01-11,country,Panama,7,1,0,0.0,False
2020-10-26,country,Panama,14,1,0,0.0,False
2020-10-26,country,Panama,30,1,0,0.0,False
2020-10-26,country,Panama,1,1,0,0.0,False
2020-10-26,country,Panama,7,1,0,0.0,False
2021-01-11,country,Panama,1,1,0,0.0,False
2021-01-11,country,Panama,14,1,0,0.0,False
2020-11-09,country,Panama,7,2,0,0.0,False
2020-11-02,country,Panama,7,2,1,0.5,False
2020-11-02,country,Panama,30,2,0,0.0,False
2020-11-09,country,Panama,30,2,0,0.0,False
2020-11-09,country,Panama,14,2,0,0.0,False
2020-11-09,country,Panama,1,2,0,0.0,False
2020-12-28,country,Panama,30,2,0,0.0,False
2020-11-02,country,Panama,14,2,0,0.0,False
2020-11-02,country,Panama,1,2,1,0.5,False
2020-12-28,country,Panama,14,3,0,0.0,False
2020-11-30,country,Panama,14,3,0,0.0,False
2020-12-28,country,Panama,7,3,0,0.0,False
2020-11-30,country,Panama,1,3,1,0.3333333333333333,False
2020-11-30,country,Panama,30,3,0,0.0,False
2020-12-28,country,Panama,1,3,0,0.0,False
2020-11-30,country,Panama,7,3,0,0.0,False
2021-01-04,country,Panama,1,4,0,0.0,False
2021-01-04,country,Panama,7,4,0,0.0,False
2021-01-04,country,Panama,14,4,0,0.0,False
2020-11-23,country,Panama,14,5,0,0.0,False
2020-11-23,country,Panama,1,5,0,0.0,False
2020-11-23,country,Panama,30,5,0,0.0,False
2020-11-23,country,Panama,7,5,0,0.0,False
2021-01-18,country,Panama,7,6,0,0.0,False
2020-12-21,country,Panama,1,6,1,0.16666666666666666,False
2020-12-21,country,Panama,14,6,0,0.0,False
2020-12-21,country,Panama,7,6,0,0.0,False
2020-12-21,country,Panama,30,6,0,0.0,False
2021-01-18,country,Panama,1,6,1,0.16666666666666666,False
2020-12-07,country,Panama,1,7,0,0.0,False
2020-12-07,country,Panama,14,7,0,0.0,False
2020-12-14,country,Panama,30,7,0,0.0,False
2020-12-14,country,Panama,1,7,1,0.14285714285714285,False
2020-12-07,country,Panama,7,7,0,0.0,False
2020-12-14,country,Panama,7,7,0,0.0,False
2020-12-14,country,Panama,14,7,0,0.0,False
2020-12-07,country,Panama,30,7,0,0.0,False
2021-01-25,country,Panama,1,7,0,0.0,False
2020-11-16,country,Panama,1,8,0,0.0,False
2020-11-16,country,Panama,14,8,0,0.0,False
2020-11-16,country,Panama,30,8,0,0.0,False
2020-11-16,country,Panama,7,8,0,0.0,False
2021-01-25,country,Paraguay,1,1,0,0.0,False
2020-12-14,country,Paraguay,7,2,0,0.0,False
2020-10-26,country,Paraguay,30,2,0,0.0,False
2020-10-26,country,Paraguay,1,2,1,0.5,False
2020-11-16,country,Paraguay,14,2,0,0.0,False
2020-12-14,country,Paraguay,14,2,0,0.0,False
2021-01-11,country,Paraguay,14,2,0,0.0,False
2020-11-16,country,Paraguay,1,2,0,0.0,False
2020-10-26,country,Paraguay,14,2,0,0.0,False
2020-12-14,country,Paraguay,1,2,0,0.0,False
2021-01-11,country,Paraguay,7,2,0,0.0,False
2020-11-16,country,Paraguay,30,2,0,0.0,False
2020-10-26,country,Paraguay,7,2,0,0.0,False
2020-12-14,country,Paraguay,30,2,0,0.0,False
2020-11-16,country,Paraguay,7,2,0,0.0,False
2021-01-11,country,Paraguay,1,2,0,0.0,False
2020-12-28,country,Paraguay,30,3,0,0.0,False
2021-01-04,country,Paraguay,1,4,0,0.0,False
2021-01-18,country,Paraguay,1,4,0,0.0,False
2020-12-28,country,Paraguay,7,4,0,0.0,False
2020-12-28,country,Paraguay,1,4,0,0.0,False
2020-12-28,country,Paraguay,14,4,0,0.0,False
2020-11-09,country,Paraguay,30,4,0,0.0,False
2020-11-09,country,Paraguay,1,4,0,0.0,False
2021-01-04,country,Paraguay,7,4,0,0.0,False
2021-01-18,country,Paraguay,7,4,0,0.0,False
2020-11-09,country,Paraguay,14,4,0,0.0,False
2020-11-09,country,Paraguay,7,4,0,0.0,False
2021-01-04,country,Paraguay,14,4,0,0.0,False
2020-12-21,country,Paraguay,1,5,0,0.0,False
2020-12-07,country,Paraguay,1,5,0,0.0,False
2020-11-02,country,Paraguay,1,5,0,0.0,False
2020-11-23,country,Paraguay,1,5,1,0.2,False
2020-12-21,country,Paraguay,7,5,0,0.0,False
2020-11-02,country,Paraguay,7,5,0,0.0,False
2020-12-21,country,Paraguay,14,5,0,0.0,False
2020-11-23,country,Paraguay,30,5,0,0.0,False
2020-11-23,country,Paraguay,14,5,0,0.0,False
2020-12-07,country,Paraguay,14,5,0,0.0,False
2020-11-02,country,Paraguay,30,5,0,0.0,False
2020-11-23,country,Paraguay,7,5,0,0.0,False
2020-12-07,country,Paraguay,30,5,0,0.0,False
2020-12-07,country,Paraguay,7,5,0,0.0,False
2020-11-02,country,Paraguay,14,5,0,0.0,False
2020-12-21,country,Paraguay,30,5,0,0.0,False
2020-11-30,country,Paraguay,14,6,0,0.0,False
2020-11-30,country,Paraguay,30,6,0,0.0,False
2020-11-30,country,Paraguay,1,6,0,0.0,False
2020-11-30,country,Paraguay,7,6,1,0.16666666666666666,False
2020-10-26,country,Peru,1,9,1,0.1111111111111111,False
2020-10-26,country,Peru,7,9,0,0.0,False
2020-10-26,country,Peru,14,9,1,0.1111111111111111,False
2020-10-26,country,Peru,30,9,0,0.0,False
2020-12-28,country,Peru,30,58,0,0.0,False
2020-11-09,country,Peru,30,69,2,0.028985507246376812,False
2020-11-09,country,Peru,1,69,6,0.08695652173913043,False
2020-11-09,country,Peru,14,69,0,0.0,False
2020-11-09,country,Peru,7,69,1,0.014492753623188406,False
2021-01-25,country,Peru,1,73,3,0.0410958904109589,False
2020-11-16,country,Peru,14,77,0,0.0,False
2020-11-16,country,Peru,7,77,1,0.012987012987012988,False
2020-11-16,country,Peru,1,77,5,0.06493506493506493,False
2020-11-16,country,Peru,30,77,1,0.012987012987012988,False
2020-11-23,country,Peru,7,81,2,0.024691358024691357,False
2020-11-23,country,Peru,30,81,0,0.0,False
2020-12-28,country,Peru,7,81,0,0.0,False
2020-12-28,country,Peru,1,81,1,0.012345679012345678,False
2020-11-23,country,Peru,14,81,1,0.012345679012345678,False
2020-12-28,country,Peru,14,81,1,0.012345679012345678,False
2020-11-23,country,Peru,1,81,7,0.08641975308641975,False
2021-01-04,country,Peru,1,84,4,0.047619047619047616,False
2021-01-04,country,Peru,7,84,1,0.011904761904761904,False
2021-01-04,country,Peru,14,84,1,0.011904761904761904,False
2020-12-21,country,Peru,30,85,0,0.0,False
2020-12-21,country,Peru,14,85,0,0.0,False
2020-12-21,country,Peru,7,85,2,0.023529411764705882,False
2020-12-21,country,Peru,1,85,4,0.047058823529411764,False
2020-11-02,country,Peru,7,89,4,0.0449438202247191,False
2020-11-02,country,Peru,14,89,1,0.011235955056179775,False
2020-11-02,country,Peru,1,89,6,0.06741573033707865,False
2020-11-02,country,Peru,30,89,0,0.0,False
2021-01-11,country,Peru,1,99,1,0.010101010101010102,False
2021-01-11,country,Peru,14,99,0,0.0,False
2021-01-11,country,Peru,7,99,1,0.010101010101010102,False
2020-11-30,country,Peru,14,100,0,0.0,True
2020-11-30,country,Peru,30,100,0,0.0,True
2020-11-30,country,Peru,7,100,0,0.0,True
2020-11-30,country,Peru,1,100,2,0.02,True
2021-01-18,country,Peru,7,103,1,0.009708737864077669,True
2021-01-18,country,Peru,1,103,3,0.02912621359223301,True
2020-12-14,country,Peru,14,109,0,0.0,True
2020-12-14,country,Peru,30,109,0,0.0,True
2020-12-14,country,Peru,7,109,1,0.009174311926605505,True
2020-12-14,country,Peru,1,109,4,0.03669724770642202,True
2020-12-07,country,Peru,7,125,1,0.008,True
2020-12-07,country,Peru,1,125,4,0.032,True
2020-12-07,country,Peru,30,125,0,0.0,True
2020-12-07,country,Peru,14,125,0,0.0,True
2020-10-26,country,Philippines,7,14,0,0.0,False
2020-10-26,country,Philippines,1,14,2,0.14285714285714285,False
2020-10-26,country,Philippines,30,14,0,0.0,False
2020-10-26,country,Philippines,14,14,0,0.0,False
2020-12-28,country,Philippines,30,61,0,0.0,False
2020-12-21,country,Philippines,30,63,0,0.0,False
2020-12-21,country,Philippines,1,63,1,0.015873015873015872,False
2020-12-21,country,Philippines,7,63,0,0.0,False
2020-12-21,country,Philippines,14,63,0,0.0,False
2020-11-16,country,Philippines,7,82,1,0.012195121951219513,False
2020-11-16,country,Philippines,14,82,1,0.012195121951219513,False
2020-11-16,country,Philippines,1,82,1,0.012195121951219513,False
2020-11-16,country,Philippines,30,82,0,0.0,False
2021-01-25,country,Philippines,1,84,6,0.07142857142857142,False
2020-11-02,country,Philippines,30,84,0,0.0,False
2020-11-02,country,Philippines,1,84,3,0.03571428571428571,False
2020-11-02,country,Philippines,7,84,1,0.011904761904761904,False
2020-11-02,country,Philippines,14,84,0,0.0,False
2020-12-28,country,Philippines,14,85,1,0.011764705882352941,False
2020-12-28,country,Philippines,1,85,2,0.023529411764705882,False
2020-12-28,country,Philippines,7,85,1,0.011764705882352941,False
2020-11-09,country,Philippines,14,90,2,0.022222222222222223,False
2020-11-09,country,Philippines,30,90,0,0.0,False
2020-11-09,country,Philippines,1,90,8,0.08888888888888889,False
2020-11-09,country,Philippines,7,90,2,0.022222222222222223,False
2020-11-23,country,Philippines,1,99,4,0.04040404040404041,False
2020-11-23,country,Philippines,14,99,1,0.010101010101010102,False
2020-11-23,country,Philippines,30,99,0,0.0,False
2020-11-23,country,Philippines,7,99,0,0.0,False
2020-12-14,country,Philippines,14,107,0,0.0,True
2020-12-14,country,Philippines,1,107,3,0.028037383177570093,True
2020-12-14,country,Philippines,30,107,0,0.0,True
2020-12-14,country,Philippines,7,107,2,0.018691588785046728,True
2021-01-11,country,Philippines,14,109,0,0.0,True
2021-01-11,country,Philippines,7,109,1,0.009174311926605505,True
2021-01-11,country,Philippines,1,109,1,0.009174311926605505,True
2020-11-30,country,Philippines,7,111,0,0.0,True
2020-11-30,country,Philippines,30,111,0,0.0,True
2020-11-30,country,Philippines,14,111,2,0.018018018018018018,True
2020-11-30,country,Philippines,1,111,6,0.05405405405405406,True
2021-01-18,country,Philippines,7,112,1,0.008928571428571428,True
2021-01-18,country,Philippines,1,112,9,0.08035714285714286,True
2021-01-04,country,Philippines,1,140,5,0.03571428571428571,True
2021-01-04,country,Philippines,14,140,1,0.007142857142857143,True
2021-01-04,country,Philippines,7,140,1,0.007142857142857143,True
2020-12-07,country,Philippines,14,146,0,0.0,True
2020-12-07,country,Philippines,1,146,4,0.0273972602739726,True
2020-12-07,country,Philippines,7,146,2,0.0136986301369863,True
2020-12-07,country,Philippines,30,146,0,0.0,True
2020-10-26,country,Poland,30,13,0,0.0,False
2020-10-26,country,Poland,1,13,2,0.15384615384615385,False
2020-10-26,country,Poland,7,13,0,0.0,False
2020-10-26,country,Poland,14,13,0,0.0,False
2020-12-28,country,Poland,30,113,0,0.0,True
2020-11-09,country,Poland,14,135,1,0.007407407407407408,True
2020-11-09,country,Poland,7,135,1,0.007407407407407408,True
2020-11-09,country,Poland,30,135,1,0.007407407407407408,True
2020-11-09,country,Poland,1,135,7,0.05185185185185185,True
2021-01-25,country,Poland,1,136,6,0.04411764705882353,True
2020-12-28,country,Poland,1,157,6,0.03821656050955414,True
2020-12-28,country,Poland,14,157,0,0.0,True
2020-12-28,country,Poland,7,157,0,0.0,True
2020-11-02,country,Poland,1,168,4,0.023809523809523808,True
2020-11-02,country,Poland,7,168,0,0.0,True
2020-11-02,country,Poland,14,168,3,0.017857142857142856,True
2020-11-02,country,Poland,30,168,0,0.0,True
2020-11-23,country,Poland,7,170,0,0.0,True
2020-11-23,country,Poland,30,170,0,0.0,True
2020-11-23,country,Poland,1,170,7,0.041176470588235294,True
2020-11-23,country,Poland,14,170,1,0.0058823529411764705,True
2020-12-21,country,Poland,1,173,9,0.05202312138728324,True
2020-12-21,country,Poland,14,173,0,0.0,True
2020-12-21,country,Poland,30,173,0,0.0,True
2020-12-21,country,Poland,7,173,1,0.005780346820809248,True
2020-11-30,country,Poland,30,178,0,0.0,True
2020-11-30,country,Poland,1,178,13,0.07303370786516854,True
2020-11-30,country,Poland,14,178,1,0.0056179775280898875,True
2020-11-30,country,Poland,7,178,4,0.02247191011235955,True
2021-01-18,country,Poland,7,185,1,0.005405405405405406,True
2021-01-18,country,Poland,1,185,8,0.043243243243243246,True
2021-01-11,country,Poland,1,189,9,0.047619047619047616,True
2021-01-11,country,Poland,14,189,1,0.005291005291005291,True
2021-01-11,country,Poland,7,189,0,0.0,True
2020-11-16,country,Poland,1,190,10,0.05263157894736842,True
2020-11-16,country,Poland,7,190,2,0.010526315789473684,True
2020-11-16,country,Poland,14,190,3,0.015789473684210527,True
2020-11-16,country,Poland,30,190,0,0.0,True
2020-12-14,country,Poland,30,211,2,0.009478672985781991,True
2020-12-14,country,Poland,1,211,10,0.04739336492890995,True
2020-12-14,country,Poland,14,211,0,0.0,True
2020-12-14,country,Poland,7,211,2,0.009478672985781991,True
2021-01-04,country,Poland,1,214,13,0.06074766355140187,True
2021-01-04,country,Poland,7,214,1,0.004672897196261682,True
2021-01-04,country,Poland,14,214,0,0.0,True
2020-12-07,country,Poland,30,230,1,0.004347826086956522,True
2020-12-07,country,Poland,14,230,0,0.0,True
2020-12-07,country,Poland,1,230,6,0.02608695652173913,True
2020-12-07,country,Poland,7,230,2,0.008695652173913044,True
2020-10-26,country,Portugal,14,14,0,0.0,False
2020-10-26,country,Portugal,1,14,1,0.07142857142857142,False
2020-10-26,country,Portugal,30,14,0,0.0,False
2020-10-26,country,Portugal,7,14,0,0.0,False
2020-12-28,country,Portugal,30,42,0,0.0,False
2020-12-28,country,Portugal,7,66,0,0.0,False
2020-12-28,country,Portugal,14,66,1,0.015151515151515152,False
2020-12-28,country,Portugal,1,66,5,0.07575757575757576,False
2020-11-09,country,Portugal,7,70,2,0.02857142857142857,False
2020-11-09,country,Portugal,1,70,4,0.05714285714285714,False
2020-11-09,country,Portugal,30,70,0,0.0,False
2020-11-09,country,Portugal,14,70,0,0.0,False
2020-12-21,country,Portugal,14,77,0,0.0,False
2020-12-21,country,Portugal,7,77,1,0.012987012987012988,False
2020-12-21,country,Portugal,30,77,0,0.0,False
2020-12-21,country,Portugal,1,77,2,0.025974025974025976,False
2020-11-23,country,Portugal,14,78,1,0.01282051282051282,False
2020-11-23,country,Portugal,1,78,3,0.038461538461538464,False
2020-11-23,country,Portugal,7,78,1,0.01282051282051282,False
2020-11-23,country,Portugal,30,78,0,0.0,False
2021-01-25,country,Portugal,1,79,3,0.0379746835443038,False
2020-11-02,country,Portugal,1,80,3,0.0375,False
2020-11-02,country,Portugal,14,80,0,0.0,False
2020-11-02,country,Portugal,7,80,1,0.0125,False
2020-11-02,country,Portugal,30,80,1,0.0125,False
2020-11-16,country,Portugal,7,85,1,0.011764705882352941,False
2020-11-16,country,Portugal,14,85,0,0.0,False
2020-11-16,country,Portugal,30,85,0,0.0,False
2020-11-16,country,Portugal,1,85,5,0.058823529411764705,False
2021-01-18,country,Portugal,1,90,1,0.011111111111111112,False
2021-01-18,country,Portugal,7,90,1,0.011111111111111112,False
2021-01-11,country,Portugal,14,93,1,0.010752688172043012,False
2021-01-11,country,Portugal,7,93,1,0.010752688172043012,False
2021-01-11,country,Portugal,1,93,4,0.043010752688172046,False
2020-11-30,country,Portugal,7,100,0,0.0,True
2020-11-30,country,Portugal,30,100,0,0.0,True
2020-11-30,country,Portugal,1,100,5,0.05,True
2020-11-30,country,Portugal,14,100,1,0.01,True
2020-12-14,country,Portugal,14,102,0,0.0,True
2020-12-14,country,Portugal,1,102,1,0.00980392156862745,True
2020-12-14,country,Portugal,7,102,3,0.029411764705882353,True
2020-12-14,country,Portugal,30,102,0,0.0,True
2021-01-04,country,Portugal,1,106,3,0.02830188679245283,True
2021-01-04,country,Portugal,14,106,0,0.0,True
2021-01-04,country,Portugal,7,106,0,0.0,True
2020-12-07,country,Portugal,7,112,1,0.008928571428571428,True
2020-12-07,country,Portugal,30,112,1,0.008928571428571428,True
2020-12-07,country,Portugal,1,112,5,0.044642857142857144,True
2020-12-07,country,Portugal,14,112,0,0.0,True
2020-10-26,country,Puerto Rico,7,3,0,0.0,False
2020-10-26,country,Puerto Rico,1,3,0,0.0,False
2020-10-26,country,Puerto Rico,30,3,0,0.0,False
2020-10-26,country,Puerto Rico,14,3,0,0.0,False
2020-12-21,country,Puerto Rico,14,6,0,0.0,False
2020-12-21,country,Puerto Rico,1,6,0,0.0,False
2020-12-21,country,Puerto Rico,30,6,0,0.0,False
2020-12-21,country,Puerto Rico,7,6,0,0.0,False
2020-11-09,country,Puerto Rico,30,7,0,0.0,False
2021-01-11,country,Puerto Rico,7,7,0,0.0,False
2020-11-09,country,Puerto Rico,1,7,1,0.14285714285714285,False
2020-11-09,country,Puerto Rico,14,7,0,0.0,False
2020-11-09,country,Puerto Rico,7,7,0,0.0,False
2021-01-11,country,Puerto Rico,1,7,0,0.0,False
2021-01-11,country,Puerto Rico,14,7,0,0.0,False
2021-01-25,country,Puerto Rico,1,10,0,0.0,False
2020-11-30,country,Puerto Rico,30,11,0,0.0,False
2020-12-28,country,Puerto Rico,30,11,0,0.0,False
2020-11-30,country,Puerto Rico,14,11,0,0.0,False
2020-11-30,country,Puerto Rico,1,11,0,0.0,False
2020-11-30,country,Puerto Rico,7,11,0,0.0,False
2020-11-02,country,Puerto Rico,7,12,0,0.0,False
2020-11-02,country,Puerto Rico,1,12,1,0.08333333333333333,False
2020-11-02,country,Puerto Rico,30,12,0,0.0,False
2020-11-02,country,Puerto Rico,14,12,0,0.0,False
2020-11-23,country,Puerto Rico,30,13,0,0.0,False
2020-11-23,country,Puerto Rico,14,13,0,0.0,False
2020-12-14,country,Puerto Rico,7,13,1,0.07692307692307693,False
2020-11-23,country,Puerto Rico,7,13,0,0.0,False
2020-12-28,country,Puerto Rico,14,13,0,0.0,False
2020-12-14,country,Puerto Rico,1,13,1,0.07692307692307693,False
2020-12-14,country,Puerto Rico,14,13,0,0.0,False
2020-12-28,country,Puerto Rico,7,13,0,0.0,False
2020-12-28,country,Puerto Rico,1,13,1,0.07692307692307693,False
2020-12-14,country,Puerto Rico,30,13,0,0.0,False
2020-11-23,country,Puerto Rico,1,13,0,0.0,False
2021-01-18,country,Puerto Rico,1,16,0,0.0,False
2021-01-18,country,Puerto Rico,7,16,1,0.0625,False
2021-01-04,country,Puerto Rico,1,20,2,0.1,False
2021-01-04,country,Puerto Rico,7,20,1,0.05,False
2021-01-04,country,Puerto Rico,14,20,0,0.0,False
2020-12-07,country,Puerto Rico,30,21,0,0.0,False
2020-11-16,country,Puerto Rico,14,21,0,0.0,False
2020-11-16,country,Puerto Rico,30,21,0,0.0,False
2020-12-07,country,Puerto Rico,1,21,2,0.09523809523809523,False
2020-12-07,country,Puerto Rico,14,21,0,0.0,False
2020-11-16,country,Puerto Rico,7,21,0,0.0,False
2020-11-16,country,Puerto Rico,1,21,3,0.14285714285714285,False
2020-12-07,country,Puerto Rico,7,21,0,0.0,False
2021-01-18,country,Qatar,1,2,0,0.0,False
2021-01-18,country,Qatar,7,2,0,0.0,False
2020-11-30,country,Qatar,7,3,0,0.0,False
2020-11-30,country,Qatar,1,3,0,0.0,False
2020-11-30,country,Qatar,14,3,0,0.0,False
2020-11-30,country,Qatar,30,3,0,0.0,False
2020-12-28,country,Qatar,30,4,0,0.0,False
2020-12-21,country,Qatar,1,5,0,0.0,False
2021-01-04,country,Qatar,7,5,0,0.0,False
2020-12-21,country,Qatar,7,5,0,0.0,False
2020-12-21,country,Qatar,14,5,0,0.0,False
2020-12-21,country,Qatar,30,5,0,0.0,False
2021-01-04,country,Qatar,1,5,0,0.0,False
2021-01-04,country,Qatar,14,5,0,0.0,False
2020-12-28,country,Qatar,7,6,0,0.0,False
2020-12-28,country,Qatar,1,6,0,0.0,False
2020-12-28,country,Qatar,14,6,0,0.0,False
2020-11-09,country,Qatar,14,6,0,0.0,False
2020-11-09,country,Qatar,30,6,0,0.0,False
2020-11-09,country,Qatar,1,6,0,0.0,False
2021-01-25,country,Qatar,1,6,1,0.16666666666666666,False
2020-11-09,country,Qatar,7,6,0,0.0,False
2020-11-16,country,Qatar,30,8,0,0.0,False
2020-11-16,country,Qatar,14,8,0,0.0,False
2020-11-16,country,Qatar,1,8,0,0.0,False
2020-11-16,country,Qatar,7,8,0,0.0,False
2020-11-23,country,Qatar,7,9,0,0.0,False
2020-11-23,country,Qatar,14,9,0,0.0,False
2020-12-07,country,Qatar,1,9,1,0.1111111111111111,False
2020-11-23,country,Qatar,1,9,1,0.1111111111111111,False
2020-12-07,country,Qatar,14,9,0,0.0,False
2020-12-07,country,Qatar,7,9,0,0.0,False
2020-12-07,country,Qatar,30,9,0,0.0,False
2020-11-23,country,Qatar,30,9,0,0.0,False
2020-11-02,country,Qatar,1,12,2,0.16666666666666666,False
2020-11-02,country,Qatar,7,12,0,0.0,False
2020-11-02,country,Qatar,14,12,0,0.0,False
2020-11-02,country,Qatar,30,12,0,0.0,False
2020-12-14,country,Qatar,14,13,0,0.0,False
2020-12-14,country,Qatar,1,13,2,0.15384615384615385,False
2020-12-14,country,Qatar,30,13,0,0.0,False
2020-12-14,country,Qatar,7,13,0,0.0,False
2021-01-11,country,Qatar,7,14,0,0.0,False
2021-01-11,country,Qatar,1,14,0,0.0,False
2021-01-11,country,Qatar,14,14,0,0.0,False
2020-10-26,country,Romania,1,1,1,1.0,False
2020-10-26,country,Romania,7,1,0,0.0,False
2020-10-26,country,Romania,30,1,0,0.0,False
2020-10-26,country,Romania,14,1,0,0.0,False
2020-12-28,country,Romania,30,38,0,0.0,False
2021-01-25,country,Romania,1,39,2,0.05128205128205128,False
2020-11-16,country,Romania,30,41,0,0.0,False
2020-11-16,country,Romania,1,41,3,0.07317073170731707,False
2020-11-16,country,Romania,7,41,0,0.0,False
2020-11-16,country,Romania,14,41,0,0.0,False
2020-11-09,country,Romania,30,46,0,0.0,False
2020-11-09,country,Romania,14,46,0,0.0,False
2020-11-09,country,Romania,1,46,2,0.043478260869565216,False
2020-11-09,country,Romania,7,46,0,0.0,False
2020-11-23,country,Romania,14,47,0,0.0,False
2020-11-23,country,Romania,7,47,0,0.0,False
2020-11-23,country,Romania,1,47,5,0.10638297872340426,False
2020-11-23,country,Romania,30,47,0,0.0,False
2020-12-21,country,Romania,7,50,0,0.0,False
2020-12-21,country,Romania,1,50,3,0.06,False
2020-12-21,country,Romania,30,50,0,0.0,False
2020-12-21,country,Romania,14,50,0,0.0,False
2020-11-02,country,Romania,14,53,0,0.0,False
2020-11-02,country,Romania,30,53,1,0.018867924528301886,False
2020-11-02,country,Romania,7,53,1,0.018867924528301886,False
2020-11-02,country,Romania,1,53,3,0.05660377358490566,False
2020-12-28,country,Romania,7,55,0,0.0,False
2020-12-28,country,Romania,1,55,0,0.0,False
2020-12-28,country,Romania,14,55,0,0.0,False
2021-01-18,country,Romania,1,57,1,0.017543859649122806,False
2021-01-18,country,Romania,7,57,0,0.0,False
2020-11-30,country,Romania,7,58,2,0.034482758620689655,False
2020-11-30,country,Romania,30,58,0,0.0,False
2020-11-30,country,Romania,1,58,6,0.10344827586206896,False
2020-11-30,country,Romania,14,58,1,0.017241379310344827,False
2021-01-11,country,Romania,7,63,0,0.0,False
2021-01-11,country,Romania,1,63,0,0.0,False
2021-01-11,country,Romania,14,63,0,0.0,False
2020-12-14,country,Romania,30,66,0,0.0,False
2020-12-14,country,Romania,14,66,0,0.0,False
2020-12-14,country,Romania,7,66,1,0.015151515151515152,False
2020-12-14,country,Romania,1,66,0,0.0,False
2020-12-07,country,Romania,30,69,0,0.0,False
2020-12-07,country,Romania,7,69,0,0.0,False
2020-12-07,country,Romania,1,69,2,0.028985507246376812,False
2020-12-07,country,Romania,14,69,0,0.0,False
2021-01-04,country,Romania,1,71,0,0.0,False
2021-01-04,country,Romania,14,71,0,0.0,False
2021-01-04,country,Romania,7,71,0,0.0,False
2020-10-26,country,Russia,14,18,0,0.0,False
2020-10-26,country,Russia,30,18,0,0.0,False
2020-10-26,country,Russia,7,18,1,0.05555555555555555,False
2020-10-26,country,Russia,1,18,2,0.1111111111111111,False
2020-12-28,country,Russia,30,65,0,0.0,False
2020-12-28,country,Russia,1,98,5,0.05102040816326531,False
2020-12-28,country,Russia,14,98,0,0.0,False
2020-12-28,country,Russia,7,98,1,0.01020408163265306,False
2020-11-09,country,Russia,14,101,0,0.0,True
2020-11-09,country,Russia,1,101,5,0.04950495049504951,True
2020-11-09,country,Russia,7,101,1,0.009900990099009901,True
2020-11-09,country,Russia,30,101,0,0.0,True
2020-12-21,country,Russia,30,109,0,0.0,True
2020-12-21,country,Russia,14,109,0,0.0,True
2020-12-21,country,Russia,7,109,0,0.0,True
2020-12-21,country,Russia,1,109,3,0.027522935779816515,True
2020-11-16,country,Russia,14,117,0,0.0,True
2020-11-16,country,Russia,7,117,0,0.0,True
2020-11-16,country,Russia,1,117,6,0.05128205128205128,True
2020-11-16,country,Russia,30,117,0,0.0,True
2021-01-18,country,Russia,1,120,2,0.016666666666666666,True
2021-01-18,country,Russia,7,120,1,0.008333333333333333,True
2020-11-23,country,Russia,7,125,4,0.032,True
2020-11-23,country,Russia,1,125,5,0.04,True
2020-11-23,country,Russia,14,125,0,0.0,True
2020-11-23,country,Russia,30,125,0,0.0,True
2021-01-25,country,Russia,1,129,6,0.046511627906976744,True
2020-11-30,country,Russia,14,133,0,0.0,True
2020-11-30,country,Russia,1,133,9,0.06766917293233082,True
2020-11-30,country,Russia,7,133,0,0.0,True
2020-11-30,country,Russia,30,133,0,0.0,True
2020-11-02,country,Russia,1,137,13,0.0948905109489051,True
2020-11-02,country,Russia,7,137,1,0.0072992700729927005,True
2020-11-02,country,Russia,14,137,3,0.021897810218978103,True
2020-11-02,country,Russia,30,137,0,0.0,True
2021-01-11,country,Russia,7,140,1,0.007142857142857143,True
2021-01-11,country,Russia,1,140,6,0.04285714285714286,True
2021-01-11,country,Russia,14,140,1,0.007142857142857143,True
2021-01-04,country,Russia,7,155,1,0.0064516129032258064,True
2021-01-04,country,Russia,14,155,2,0.012903225806451613,True
2021-01-04,country,Russia,1,155,6,0.03870967741935484,True
2020-12-14,country,Russia,7,158,0,0.0,True
2020-12-14,country,Russia,1,158,6,0.0379746835443038,True
2020-12-14,country,Russia,14,158,0,0.0,True
2020-12-14,country,Russia,30,158,0,0.0,True
2020-12-07,country,Russia,14,205,0,0.0,True
2020-12-07,country,Russia,7,205,1,0.004878048780487805,True
2020-12-07,country,Russia,1,205,11,0.05365853658536585,True
2020-12-07,country,Russia,30,205,1,0.004878048780487805,True
2020-10-26,country,Saudi Arabia,30,4,0,0.0,False
2020-10-26,country,Saudi Arabia,14,4,0,0.0,False
2020-10-26,country,Saudi Arabia,1,4,0,0.0,False
2020-10-26,country,Saudi Arabia,7,4,0,0.0,False
2020-11-16,country,Saudi Arabia,30,25,0,0.0,False
2020-11-16,country,Saudi Arabia,14,25,0,0.0,False
2020-11-16,country,Saudi Arabia,7,25,0,0.0,False
2020-11-16,country,Saudi Arabia,1,25,1,0.04,False
2020-12-28,country,Saudi Arabia,30,28,0,0.0,False
2020-11-09,country,Saudi Arabia,1,31,1,0.03225806451612903,False
2020-11-09,country,Saudi Arabia,7,31,0,0.0,False
2020-11-09,country,Saudi Arabia,14,31,0,0.0,False
2020-11-09,country,Saudi Arabia,30,31,1,0.03225806451612903,False
2020-12-21,country,Saudi Arabia,30,32,0,0.0,False
2020-12-21,country,Saudi Arabia,1,32,1,0.03125,False
2020-12-21,country,Saudi Arabia,7,32,0,0.0,False
2020-12-21,country,Saudi Arabia,14,32,0,0.0,False
2020-12-28,country,Saudi Arabia,7,34,0,0.0,False
2020-12-28,country,Saudi Arabia,1,34,2,0.058823529411764705,False
2020-12-28,country,Saudi Arabia,14,34,0,0.0,False
2021-01-25,country,Saudi Arabia,1,36,3,0.08333333333333333,False
2020-11-30,country,Saudi Arabia,14,44,0,0.0,False
2020-11-30,country,Saudi Arabia,1,44,4,0.09090909090909091,False
2020-11-30,country,Saudi Arabia,7,44,0,0.0,False
2020-11-30,country,Saudi Arabia,30,44,0,0.0,False
2020-11-23,country,Saudi Arabia,7,46,1,0.021739130434782608,False
2020-11-23,country,Saudi Arabia,30,46,0,0.0,False
2020-11-23,country,Saudi Arabia,1,46,2,0.043478260869565216,False
2020-11-23,country,Saudi Arabia,14,46,0,0.0,False
2020-12-14,country,Saudi Arabia,30,48,0,0.0,False
2020-12-14,country,Saudi Arabia,1,48,1,0.020833333333333332,False
2020-12-14,country,Saudi Arabia,7,48,0,0.0,False
2020-12-14,country,Saudi Arabia,14,48,0,0.0,False
2021-01-18,country,Saudi Arabia,1,49,3,0.061224489795918366,False
2021-01-18,country,Saudi Arabia,7,49,0,0.0,False
2020-11-02,country,Saudi Arabia,7,51,0,0.0,False
2021-01-11,country,Saudi Arabia,7,51,0,0.0,False
2020-11-02,country,Saudi Arabia,30,51,0,0.0,False
2020-11-02,country,Saudi Arabia,1,51,4,0.0784313725490196,False
2020-11-02,country,Saudi Arabia,14,51,0,0.0,False
2021-01-11,country,Saudi Arabia,14,51,0,0.0,False
2021-01-11,country,Saudi Arabia,1,51,0,0.0,False
2021-01-04,country,Saudi Arabia,7,53,0,0.0,False
2021-01-04,country,Saudi Arabia,1,53,0,0.0,False
2021-01-04,country,Saudi Arabia,14,53,1,0.018867924528301886,False
2020-12-07,country,Saudi Arabia,7,67,0,0.0,False
2020-12-07,country,Saudi Arabia,30,67,0,0.0,False
2020-12-07,country,Saudi Arabia,1,67,2,0.029850746268656716,False
2020-12-07,country,Saudi Arabia,14,67,0,0.0,False
2020-10-26,country,Serbia,7,1,0,0.0,False
2020-10-26,country,Serbia,30,1,0,0.0,False
2020-10-26,country,Serbia,14,1,0,0.0,False
2020-10-26,country,Serbia,1,1,0,0.0,False
2020-11-23,country,Serbia,14,9,0,0.0,False
2020-11-23,country,Serbia,1,9,0,0.0,False
2020-11-23,country,Serbia,7,9,0,0.0,False
2020-11-23,country,Serbia,30,9,0,0.0,False
2020-12-28,country,Serbia,30,10,0,0.0,False
2021-01-25,country,Serbia,1,14,0,0.0,False
2020-11-09,country,Serbia,14,14,0,0.0,False
2020-12-21,country,Serbia,1,14,0,0.0,False
2020-12-21,country,Serbia,30,14,0,0.0,False
2020-11-09,country,Serbia,7,14,0,0.0,False
2020-11-09,country,Serbia,1,14,0,0.0,False
2020-11-09,country,Serbia,30,14,0,0.0,False
2020-12-21,country,Serbia,14,14,0,0.0,False
2020-12-21,country,Serbia,7,14,0,0.0,False
2020-11-30,country,Serbia,14,15,0,0.0,False
2020-11-30,country,Serbia,7,15,0,0.0,False
2020-11-30,country,Serbia,30,15,0,0.0,False
2020-11-30,country,Serbia,1,15,1,0.06666666666666667,False
2020-11-02,country,Serbia,14,16,0,0.0,False
2020-12-28,country,Serbia,14,16,0,0.0,False
2020-11-02,country,Serbia,1,16,1,0.0625,False
2021-01-18,country,Serbia,7,16,1,0.0625,False
2020-12-28,country,Serbia,7,16,0,0.0,False
2020-12-28,country,Serbia,1,16,0,0.0,False
2020-11-02,country,Serbia,30,16,0,0.0,False
2021-01-18,country,Serbia,1,16,0,0.0,False
2020-11-02,country,Serbia,7,16,0,0.0,False
2021-01-04,country,Serbia,1,17,0,0.0,False
2021-01-04,country,Serbia,14,17,0,0.0,False
2021-01-04,country,Serbia,7,17,0,0.0,False
2020-11-16,country,Serbia,14,18,1,0.05555555555555555,False
2020-11-16,country,Serbia,1,18,0,0.0,False
2020-11-16,country,Serbia,30,18,1,0.05555555555555555,False
2020-11-16,country,Serbia,7,18,1,0.05555555555555555,False
2020-12-07,country,Serbia,7,20,1,0.05,False
2020-12-07,country,Serbia,1,20,3,0.15,False
2020-12-07,country,Serbia,30,20,0,0.0,False
2020-12-07,country,Serbia,14,20,0,0.0,False
2021-01-11,country,Serbia,1,21,0,0.0,False
2021-01-11,country,Serbia,7,21,0,0.0,False
2021-01-11,country,Serbia,14,21,0,0.0,False
2020-12-14,country,Serbia,14,22,0,0.0,False
2020-12-14,country,Serbia,7,22,0,0.0,False
2020-12-14,country,Serbia,1,22,1,0.045454545454545456,False
2020-12-14,country,Serbia,30,22,0,0.0,False
2020-10-26,country,Singapore,14,26,0,0.0,False
2020-10-26,country,Singapore,1,26,2,0.07692307692307693,False
2020-10-26,country,Singapore,30,26,0,0.0,False
2020-10-26,country,Singapore,7,26,0,0.0,False
2020-12-28,country,Singapore,30,173,1,0.005780346820809248,True
2020-11-16,country,Singapore,1,207,12,0.057971014492753624,True
2020-11-16,country,Singapore,7,207,1,0.004830917874396135,True
2020-11-16,country,Singapore,14,207,3,0.014492753623188406,True
2020-11-16,country,Singapore,30,207,1,0.004830917874396135,True
2021-01-25,country,Singapore,1,212,2,0.009433962264150943,True
2020-11-09,country,Singapore,1,233,6,0.02575107296137339,True
2020-12-28,country,Singapore,7,233,1,0.004291845493562232,True
2020-11-09,country,Singapore,7,233,9,0.03862660944206009,True
2020-12-28,country,Singapore,1,233,3,0.012875536480686695,True
2020-12-28,country,Singapore,14,233,1,0.004291845493562232,True
2020-11-09,country,Singapore,30,233,0,0.0,True
2020-11-09,country,Singapore,14,233,1,0.004291845493562232,True
2020-12-21,country,Singapore,7,244,1,0.004098360655737705,True
2020-12-21,country,Singapore,30,244,0,0.0,True
2020-12-21,country,Singapore,1,244,9,0.036885245901639344,True
2020-12-21,country,Singapore,14,244,0,0.0,True
2020-11-23,country,Singapore,7,259,2,0.007722007722007722,True
2020-11-23,country,Singapore,1,259,17,0.06563706563706563,True
2020-11-23,country,Singapore,14,259,2,0.007722007722007722,True
2020-11-23,country,Singapore,30,259,0,0.0,True
2020-11-02,country,Singapore,14,262,0,0.0,True
2020-11-02,country,Singapore,1,262,12,0.04580152671755725,True
2020-11-02,country,Singapore,30,262,1,0.003816793893129771,True
2020-11-02,country,Singapore,7,262,5,0.019083969465648856,True
2021-01-11,country,Singapore,14,270,3,0.011111111111111112,True
2021-01-11,country,Singapore,1,270,11,0.040740740740740744,True
2021-01-11,country,Singapore,7,270,0,0.0,True
2021-01-18,country,Singapore,7,280,2,0.007142857142857143,True
2021-01-18,country,Singapore,1,280,15,0.05357142857142857,True
2020-11-30,country,Singapore,1,282,18,0.06382978723404255,True
2020-11-30,country,Singapore,14,282,0,0.0,True
2020-11-30,country,Singapore,7,282,3,0.010638297872340425,True
2020-11-30,country,Singapore,30,282,0,0.0,True
2021-01-04,country,Singapore,7,311,1,0.003215434083601286,True
2021-01-04,country,Singapore,14,311,0,0.0,True
2021-01-04,country,Singapore,1,311,12,0.03858520900321544,True
2020-12-14,country,Singapore,30,338,0,0.0,True
2020-12-14,country,Singapore,7,338,0,0.0,True
2020-12-14,country,Singapore,1,338,20,0.05917159763313609,True
2020-12-14,country,Singapore,14,338,0,0.0,True
2020-12-07,country,Singapore,7,410,2,0.004878048780487805,True
2020-12-07,country,Singapore,1,410,19,0.046341463414634146,True
2020-12-07,country,Singapore,14,410,1,0.0024390243902439024,True
2020-12-07,country,Singapore,30,410,2,0.004878048780487805,True
2020-10-26,country,Slovakia,30,4,0,0.0,False
2020-10-26,country,Slovakia,7,4,0,0.0,False
2020-10-26,country,Slovakia,1,4,0,0.0,False
2020-10-26,country,Slovakia,14,4,0,0.0,False
2020-12-28,country,Slovakia,30,17,0,0.0,False
2020-11-09,country,Slovakia,14,20,0,0.0,False
2020-11-09,country,Slovakia,1,20,0,0.0,False
2020-11-09,country,Slovakia,7,20,0,0.0,False
2020-11-09,country,Slovakia,30,20,0,0.0,False
2021-01-18,country,Slovakia,7,21,1,0.047619047619047616,False
2021-01-18,country,Slovakia,1,21,1,0.047619047619047616,False
2020-11-16,country,Slovakia,1,22,1,0.045454545454545456,False
2020-11-16,country,Slovakia,14,22,0,0.0,False
2020-11-16,country,Slovakia,30,22,0,0.0,False
2020-11-16,country,Slovakia,7,22,0,0.0,False
2020-12-21,country,Slovakia,30,23,0,0.0,False
2020-11-23,country,Slovakia,30,23,0,0.0,False
2020-12-21,country,Slovakia,1,23,0,0.0,False
2020-11-23,country,Slovakia,1,23,0,0.0,False
2020-11-23,country,Slovakia,7,23,0,0.0,False
2020-12-21,country,Slovakia,14,23,0,0.0,False
2020-12-21,country,Slovakia,7,23,0,0.0,False
2020-11-23,country,Slovakia,14,23,0,0.0,False
2021-01-25,country,Slovakia,1,24,0,0.0,False
2020-11-30,country,Slovakia,7,26,0,0.0,False
2020-11-30,country,Slovakia,30,26,0,0.0,False
2020-11-30,country,Slovakia,1,26,1,0.038461538461538464,False
2020-11-30,country,Slovakia,14,26,0,0.0,False
2020-12-28,country,Slovakia,7,27,0,0.0,False
2020-12-28,country,Slovakia,1,27,1,0.037037037037037035,False
2020-12-28,country,Slovakia,14,27,0,0.0,False
2020-11-02,country,Slovakia,1,29,2,0.06896551724137931,False
2020-11-02,country,Slovakia,30,29,0,0.0,False
2020-11-02,country,Slovakia,7,29,0,0.0,False
2020-11-02,country,Slovakia,14,29,0,0.0,False
2021-01-11,country,Slovakia,14,31,0,0.0,False
2021-01-11,country,Slovakia,1,31,2,0.06451612903225806,False
2021-01-11,country,Slovakia,7,31,0,0.0,False
2020-12-07,country,Slovakia,7,33,1,0.030303030303030304,False
2020-12-07,country,Slovakia,14,33,0,0.0,False
2020-12-07,country,Slovakia,30,33,0,0.0,False
2020-12-07,country,Slovakia,1,33,4,0.12121212121212122,False
2021-01-04,country,Slovakia,1,34,3,0.08823529411764706,False
2021-01-04,country,Slovakia,7,34,1,0.029411764705882353,False
2021-01-04,country,Slovakia,14,34,0,0.0,False
2020-12-14,country,Slovakia,30,44,0,0.0,False
2020-12-14,country,Slovakia,14,44,0,0.0,False
2020-12-14,country,Slovakia,1,44,1,0.022727272727272728,False
2020-12-14,country,Slovakia,7,44,0,0.0,False
2020-10-26,country,Slovenia,1,5,0,0.0,False
2020-10-26,country,Slovenia,7,5,0,0.0,False
2020-10-26,country,Slovenia,14,5,0,0.0,False
2020-10-26,country,Slovenia,30,5,0,0.0,False
2020-12-28,country,Slovenia,30,10,0,0.0,False
2020-11-09,country,Slovenia,1,11,1,0.09090909090909091,False
2020-11-09,country,Slovenia,30,11,0,0.0,False
2020-11-09,country,Slovenia,7,11,0,0.0,False
2020-11-09,country,Slovenia,14,11,0,0.0,False
2020-11-16,country,Slovenia,14,12,0,0.0,False
2020-11-30,country,Slovenia,1,12,1,0.08333333333333333,False
2020-11-30,country,Slovenia,30,12,0,0.0,False
2020-11-16,country,Slovenia,1,12,0,0.0,False
2020-11-30,country,Slovenia,14,12,0,0.0,False
2020-11-16,country,Slovenia,30,12,0,0.0,False
2020-12-28,country,Slovenia,7,12,0,0.0,False
2020-12-28,country,Slovenia,14,12,0,0.0,False
2020-11-16,country,Slovenia,7,12,0,0.0,False
2020-11-30,country,Slovenia,7,12,0,0.0,False
2020-12-28,country,Slovenia,1,12,0,0.0,False
2020-11-23,country,Slovenia,30,15,0,0.0,False
2020-12-21,country,Slovenia,14,15,0,0.0,False
2020-11-23,country,Slovenia,1,15,0,0.0,False
2020-11-23,country,Slovenia,14,15,0,0.0,False
2020-12-21,country,Slovenia,1,15,0,0.0,False
2020-11-23,country,Slovenia,7,15,0,0.0,False
2020-12-21,country,Slovenia,7,15,0,0.0,False
2020-12-21,country,Slovenia,30,15,0,0.0,False
2021-01-25,country,Slovenia,1,18,2,0.1111111111111111,False
2020-11-02,country,Slovenia,1,19,0,0.0,False
2020-12-07,country,Slovenia,7,19,0,0.0,False
2021-01-18,country,Slovenia,7,19,0,0.0,False
2020-12-07,country,Slovenia,1,19,0,0.0,False
2020-11-02,country,Slovenia,7,19,0,0.0,False
2020-12-07,country,Slovenia,14,19,0,0.0,False
2021-01-18,country,Slovenia,1,19,2,0.10526315789473684,False
2020-11-02,country,Slovenia,30,19,0,0.0,False
2020-11-02,country,Slovenia,14,19,0,0.0,False
2020-12-07,country,Slovenia,30,19,0,0.0,False
2021-01-11,country,Slovenia,1,20,0,0.0,False
2021-01-11,country,Slovenia,7,20,0,0.0,False
2021-01-11,country,Slovenia,14,20,0,0.0,False
2020-12-14,country,Slovenia,7,23,0,0.0,False
2020-12-14,country,Slovenia,14,23,0,0.0,False
2020-12-14,country,Slovenia,1,23,1,0.043478260869565216,False
2020-12-14,country,Slovenia,30,23,0,0.0,False
2021-01-04,country,Slovenia,1,24,0,0.0,False
2021-01-04,country,Slovenia,14,24,0,0.0,False
2021-01-04,country,Slovenia,7,24,0,0.0,False
2020-10-26,country,South Africa,1,3,0,0.0,False
2020-10-26,country,South Africa,14,3,0,0.0,False
2020-10-26,country,South Africa,7,3,0,0.0,False
2020-10-26,country,South Africa,30,3,0,0.0,False
2020-12-28,country,South Africa,30,14,0,0.0,False
2020-12-28,country,South Africa,7,22,0,0.0,False
2020-12-28,country,South Africa,1,22,1,0.045454545454545456,False
2020-12-28,country,South Africa,14,22,0,0.0,False
2020-12-21,country,South Africa,14,24,1,0.041666666666666664,False
2020-12-21,country,South Africa,7,24,0,0.0,False
2020-12-21,country,South Africa,30,24,0,0.0,False
2020-12-21,country,South Africa,1,24,1,0.041666666666666664,False
2020-11-23,country,South Africa,30,27,0,0.0,False
2020-11-23,country,South Africa,14,27,0,0.0,False
2020-11-23,country,South Africa,7,27,0,0.0,False
2020-11-23,country,South Africa,1,27,1,0.037037037037037035,False
2020-11-16,country,South Africa,14,32,0,0.0,False
2020-11-16,country,South Africa,1,32,3,0.09375,False
2020-11-16,country,South Africa,7,32,0,0.0,False
2020-11-16,country,South Africa,30,32,0,0.0,False
2021-01-25,country,South Africa,1,33,1,0.030303030303030304,False
2021-01-18,country,South Africa,1,34,1,0.029411764705882353,False
2021-01-18,country,South Africa,7,34,0,0.0,False
2020-11-02,country,South Africa,14,35,0,0.0,False
2020-11-02,country,South Africa,7,35,0,0.0,False
2020-11-02,country,South Africa,30,35,0,0.0,False
2020-11-02,country,South Africa,1,35,5,0.14285714285714285,False
2021-01-11,country,South Africa,14,36,0,0.0,False
2021-01-11,country,South Africa,7,36,0,0.0,False
2020-11-09,country,South Africa,14,36,0,0.0,False
2020-11-09,country,South Africa,7,36,0,0.0,False
2020-11-09,country,South Africa,1,36,4,0.1111111111111111,False
2021-01-11,country,South Africa,1,36,2,0.05555555555555555,False
2020-11-09,country,South Africa,30,36,0,0.0,False
2020-11-30,country,South Africa,1,37,0,0.0,False
2020-11-30,country,South Africa,14,37,1,0.02702702702702703,False
2020-11-30,country,South Africa,7,37,0,0.0,False
2020-11-30,country,South Africa,30,37,0,0.0,False
2021-01-04,country,South Africa,7,41,1,0.024390243902439025,False
2021-01-04,country,South Africa,14,41,1,0.024390243902439025,False
2021-01-04,country,South Africa,1,41,0,0.0,False
2020-12-14,country,South Africa,7,51,0,0.0,False
2020-12-07,country,South Africa,7,51,1,0.0196078431372549,False
2020-12-07,country,South Africa,30,51,1,0.0196078431372549,False
2020-12-14,country,South Africa,1,51,3,0.058823529411764705,False
2020-12-07,country,South Africa,1,51,3,0.058823529411764705,False
2020-12-14,country,South Africa,30,51,0,0.0,False
2020-12-07,country,South Africa,14,51,1,0.0196078431372549,False
2020-12-14,country,South Africa,14,51,0,0.0,False
2020-10-26,country,South Korea,14,21,0,0.0,False
2020-10-26,country,South Korea,30,21,0,0.0,False
2020-10-26,country,South Korea,7,21,0,0.0,False
2020-10-26,country,South Korea,1,21,1,0.047619047619047616,False
2020-12-28,country,South Korea,30,162,0,0.0,True
2020-11-09,country,South Korea,30,191,0,0.0,True
2020-11-09,country,South Korea,1,191,11,0.05759162303664921,True
2020-11-09,country,South Korea,14,191,1,0.005235602094240838,True
2020-11-09,country,South Korea,7,191,4,0.020942408376963352,True
2020-11-16,country,South Korea,30,218,0,0.0,True
2020-11-16,country,South Korea,7,218,3,0.013761467889908258,True
2020-11-16,country,South Korea,14,218,0,0.0,True
2020-11-16,country,South Korea,1,218,18,0.08256880733944955,True
2020-12-28,country,South Korea,7,221,0,0.0,True
2020-12-28,country,South Korea,1,221,3,0.013574660633484163,True
2020-12-28,country,South Korea,14,221,0,0.0,True
2020-12-21,country,South Korea,1,228,7,0.03070175438596491,True
2020-12-21,country,South Korea,7,228,0,0.0,True
2020-12-21,country,South Korea,14,228,0,0.0,True
2020-12-21,country,South Korea,30,228,0,0.0,True
2021-01-25,country,South Korea,1,229,15,0.06550218340611354,True
2020-11-02,country,South Korea,7,230,3,0.013043478260869565,True
2020-11-02,country,South Korea,14,230,3,0.013043478260869565,True
2020-11-02,country,South Korea,1,230,11,0.04782608695652174,True
2020-11-02,country,South Korea,30,230,1,0.004347826086956522,True
2020-11-23,country,South Korea,30,252,0,0.0,True
2020-11-23,country,South Korea,7,252,3,0.011904761904761904,True
2020-11-23,country,South Korea,1,252,12,0.047619047619047616,True
2020-11-23,country,South Korea,14,252,1,0.003968253968253968,True
2021-01-18,country,South Korea,7,254,2,0.007874015748031496,True
2021-01-18,country,South Korea,1,254,18,0.07086614173228346,True
2021-01-11,country,South Korea,14,267,0,0.0,True
2021-01-11,country,South Korea,1,267,8,0.0299625468164794,True
2021-01-11,country,South Korea,7,267,1,0.003745318352059925,True
2021-01-04,country,South Korea,1,287,10,0.03484320557491289,True
2021-01-04,country,South Korea,7,287,3,0.010452961672473868,True
2021-01-04,country,South Korea,14,287,0,0.0,True
2020-11-30,country,South Korea,30,297,0,0.0,True
2020-11-30,country,South Korea,7,297,2,0.006734006734006734,True
2020-11-30,country,South Korea,1,297,14,0.04713804713804714,True
2020-11-30,country,South Korea,14,297,0,0.0,True
2020-12-14,country,South Korea,14,309,0,0.0,True
2020-12-14,country,South Korea,30,309,0,0.0,True
2020-12-14,country,South Korea,1,309,15,0.04854368932038835,True
2020-12-14,country,South Korea,7,309,1,0.003236245954692557,True
2020-12-07,country,South Korea,14,390,0,0.0,True
2020-12-07,country,South Korea,7,390,1,0.002564102564102564,True
2020-12-07,country,South Korea,1,390,12,0.03076923076923077,True
2020-12-07,country,South Korea,30,390,1,0.002564102564102564,True
2020-10-26,country,Spain,7,33,1,0.030303030303030304,False
2020-10-26,country,Spain,30,33,0,0.0,False
2020-10-26,country,Spain,14,33,0,0.0,False
2020-10-26,country,Spain,1,33,2,0.06060606060606061,False
2020-12-28,country,Spain,30,215,0,0.0,True
2020-12-21,country,Spain,1,309,11,0.03559870550161812,True
2020-12-21,country,Spain,30,309,1,0.003236245954692557,True
2020-12-21,country,Spain,14,309,2,0.006472491909385114,True
2020-12-21,country,Spain,7,309,0,0.0,True
2020-12-28,country,Spain,7,311,1,0.003215434083601286,True
2020-12-28,country,Spain,14,311,1,0.003215434083601286,True
2020-12-28,country,Spain,1,311,5,0.01607717041800643,True
2020-11-09,country,Spain,14,333,1,0.003003003003003003,True
2020-11-09,country,Spain,7,333,2,0.006006006006006006,True
2020-11-09,country,Spain,1,333,14,0.042042042042042045,True
2020-11-09,country,Spain,30,333,1,0.003003003003003003,True
2021-01-25,country,Spain,1,338,14,0.04142011834319527,True
2020-11-16,country,Spain,30,351,2,0.005698005698005698,True
2020-11-16,country,Spain,14,351,2,0.005698005698005698,True
2020-11-16,country,Spain,1,351,22,0.06267806267806268,True
2020-11-16,country,Spain,7,351,2,0.005698005698005698,True
2020-11-02,country,Spain,14,363,4,0.011019283746556474,True
2020-11-02,country,Spain,1,363,17,0.046831955922865015,True
2020-11-02,country,Spain,30,363,1,0.0027548209366391185,True
2020-11-02,country,Spain,7,363,6,0.01652892561983471,True
2021-01-11,country,Spain,7,369,3,0.008130081300813009,True
2021-01-11,country,Spain,14,369,1,0.0027100271002710027,True
2021-01-11,country,Spain,1,369,9,0.024390243902439025,True
2020-11-23,country,Spain,30,389,0,0.0,True
2020-11-23,country,Spain,7,389,4,0.010282776349614395,True
2020-11-23,country,Spain,14,389,1,0.002570694087403599,True
2020-11-23,country,Spain,1,389,17,0.043701799485861184,True
2020-11-30,country,Spain,14,390,2,0.005128205128205128,True
2020-11-30,country,Spain,1,390,22,0.05641025641025641,True
2020-11-30,country,Spain,30,390,0,0.0,True
2020-11-30,country,Spain,7,390,3,0.007692307692307693,True
2021-01-18,country,Spain,1,416,16,0.038461538461538464,True
2021-01-18,country,Spain,7,416,4,0.009615384615384616,True
2021-01-04,country,Spain,1,426,19,0.04460093896713615,True
2021-01-04,country,Spain,7,426,0,0.0,True
2021-01-04,country,Spain,14,426,0,0.0,True
2020-12-14,country,Spain,14,427,1,0.00234192037470726,True
2020-12-14,country,Spain,1,427,10,0.0234192037470726,True
2020-12-14,country,Spain,7,427,1,0.00234192037470726,True
2020-12-14,country,Spain,30,427,2,0.00468384074941452,True
2020-12-07,country,Spain,7,550,4,0.007272727272727273,True
2020-12-07,country,Spain,30,550,2,0.0036363636363636364,True
2020-12-07,country,Spain,14,550,0,0.0,True
2020-12-07,country,Spain,1,550,22,0.04,True
2020-10-26,country,Sri Lanka,7,1,0,0.0,False
2020-10-26,country,Sri Lanka,30,1,0,0.0,False
2020-10-26,country,Sri Lanka,14,1,0,0.0,False
2020-10-26,country,Sri Lanka,1,1,0,0.0,False
2020-12-28,country,Sri Lanka,30,20,0,0.0,False
2020-11-16,country,Sri Lanka,1,25,3,0.12,False
2020-11-16,country,Sri Lanka,14,25,0,0.0,False
2020-11-16,country,Sri Lanka,7,25,0,0.0,False
2020-11-16,country,Sri Lanka,30,25,0,0.0,False
2020-12-28,country,Sri Lanka,14,29,0,0.0,False
2020-12-28,country,Sri Lanka,1,29,0,0.0,False
2020-12-28,country,Sri Lanka,7,29,0,0.0,False
2020-11-02,country,Sri Lanka,7,32,0,0.0,False
2020-11-02,country,Sri Lanka,1,32,2,0.0625,False
2020-12-21,country,Sri Lanka,30,32,0,0.0,False
2020-12-21,country,Sri Lanka,1,32,0,0.0,False
2020-12-21,country,Sri Lanka,14,32,1,0.03125,False
2020-11-02,country,Sri Lanka,30,32,0,0.0,False
2020-12-21,country,Sri Lanka,7,32,0,0.0,False
2020-11-02,country,Sri Lanka,14,32,0,0.0,False
2020-11-23,country,Sri Lanka,14,33,0,0.0,False
2021-01-25,country,Sri Lanka,1,33,0,0.0,False
2020-11-23,country,Sri Lanka,30,33,0,0.0,False
2020-11-23,country,Sri Lanka,1,33,2,0.06060606060606061,False
2020-11-23,country,Sri Lanka,7,33,0,0.0,False
2020-11-30,country,Sri Lanka,7,36,1,0.027777777777777776,False
2020-11-30,country,Sri Lanka,14,36,0,0.0,False
2020-11-09,country,Sri Lanka,1,36,3,0.08333333333333333,False
2020-11-30,country,Sri Lanka,30,36,0,0.0,False
2020-11-30,country,Sri Lanka,1,36,2,0.05555555555555555,False
2020-11-09,country,Sri Lanka,14,36,0,0.0,False
2020-11-09,country,Sri Lanka,7,36,2,0.05555555555555555,False
2020-11-09,country,Sri Lanka,30,36,0,0.0,False
2021-01-04,country,Sri Lanka,1,37,1,0.02702702702702703,False
2021-01-04,country,Sri Lanka,7,37,1,0.02702702702702703,False
2021-01-04,country,Sri Lanka,14,37,0,0.0,False
2020-12-07,country,Sri Lanka,30,38,0,0.0,False
2020-12-07,country,Sri Lanka,7,38,0,0.0,False
2020-12-07,country,Sri Lanka,14,38,0,0.0,False
2020-12-07,country,Sri Lanka,1,38,6,0.15789473684210525,False
2021-01-11,country,Sri Lanka,7,44,0,0.0,False
2021-01-11,country,Sri Lanka,1,44,2,0.045454545454545456,False
2021-01-11,country,Sri Lanka,14,44,0,0.0,False
2020-12-14,country,Sri Lanka,30,47,0,0.0,False
2020-12-14,country,Sri Lanka,14,47,0,0.0,False
2020-12-14,country,Sri Lanka,7,47,0,0.0,False
2020-12-14,country,Sri Lanka,1,47,0,0.0,False
2021-01-18,country,Sri Lanka,1,48,1,0.020833333333333332,False
2021-01-18,country,Sri Lanka,7,48,1,0.020833333333333332,False
2020-10-26,country,Sweden,30,12,0,0.0,False
2020-10-26,country,Sweden,1,12,0,0.0,False
2020-10-26,country,Sweden,7,12,0,0.0,False
2020-10-26,country,Sweden,14,12,1,0.08333333333333333,False
2020-12-28,country,Sweden,30,57,1,0.017543859649122806,False
2020-11-09,country,Sweden,30,79,0,0.0,False
2020-11-09,country,Sweden,1,79,5,0.06329113924050633,False
2020-11-09,country,Sweden,7,79,2,0.02531645569620253,False
2020-11-09,country,Sweden,14,79,0,0.0,False
2020-12-28,country,Sweden,7,80,0,0.0,False
2020-12-28,country,Sweden,14,80,0,0.0,False
2020-12-28,country,Sweden,1,80,3,0.0375,False
2020-12-21,country,Sweden,14,97,0,0.0,False
2020-12-21,country,Sweden,1,97,1,0.010309278350515464,False
2020-12-21,country,Sweden,30,97,0,0.0,False
2020-12-21,country,Sweden,7,97,0,0.0,False
2021-01-25,country,Sweden,1,99,4,0.04040404040404041,False
2020-11-30,country,Sweden,30,108,0,0.0,True
2020-11-16,country,Sweden,1,108,7,0.06481481481481481,True
2020-11-16,country,Sweden,14,108,0,0.0,True
2020-11-30,country,Sweden,14,108,1,0.009259259259259259,True
2020-11-16,country,Sweden,30,108,0,0.0,True
2020-11-30,country,Sweden,1,108,4,0.037037037037037035,True
2020-11-30,country,Sweden,7,108,3,0.027777777777777776,True
2020-11-16,country,Sweden,7,108,2,0.018518518518518517,True
2020-11-02,country,Sweden,7,110,1,0.00909090909090909,True
2020-11-02,country,Sweden,14,110,0,0.0,True
2020-11-02,country,Sweden,1,110,3,0.02727272727272727,True
2020-11-02,country,Sweden,30,110,0,0.0,True
2020-11-23,country,Sweden,7,119,3,0.025210084033613446,True
2020-11-23,country,Sweden,14,119,4,0.03361344537815126,True
2020-11-23,country,Sweden,30,119,1,0.008403361344537815,True
2020-11-23,country,Sweden,1,119,10,0.08403361344537816,True
2021-01-11,country,Sweden,14,122,0,0.0,True
2021-01-11,country,Sweden,1,122,6,0.04918032786885246,True
2021-01-11,country,Sweden,7,122,0,0.0,True
2021-01-04,country,Sweden,1,123,4,0.032520325203252036,True
2021-01-04,country,Sweden,14,123,0,0.0,True
2021-01-04,country,Sweden,7,123,1,0.008130081300813009,True
2021-01-18,country,Sweden,1,128,7,0.0546875,True
2021-01-18,country,Sweden,7,128,1,0.0078125,True
2020-12-14,country,Sweden,14,130,0,0.0,True
2020-12-14,country,Sweden,1,130,5,0.038461538461538464,True
2020-12-14,country,Sweden,7,130,0,0.0,True
2020-12-14,country,Sweden,30,130,0,0.0,True
2020-12-07,country,Sweden,14,163,0,0.0,True
2020-12-07,country,Sweden,30,163,1,0.006134969325153374,True
2020-12-07,country,Sweden,7,163,1,0.006134969325153374,True
2020-12-07,country,Sweden,1,163,7,0.04294478527607362,True
2020-10-26,country,Switzerland,7,8,0,0.0,False
2020-10-26,country,Switzerland,1,8,0,0.0,False
2020-10-26,country,Switzerland,14,8,0,0.0,False
2020-10-26,country,Switzerland,30,8,0,0.0,False
2020-12-28,country,Switzerland,30,67,0,0.0,False
2021-01-25,country,Switzerland,1,89,5,0.056179775280898875,False
2020-11-09,country,Switzerland,30,89,0,0.0,False
2020-11-09,country,Switzerland,7,89,2,0.02247191011235955,False
2020-11-09,country,Switzerland,1,89,6,0.06741573033707865,False
2020-11-09,country,Switzerland,14,89,2,0.02247191011235955,False
2020-12-21,country,Switzerland,1,92,5,0.05434782608695652,False
2020-12-21,country,Switzerland,7,92,0,0.0,False
2020-12-21,country,Switzerland,14,92,0,0.0,False
2020-12-21,country,Switzerland,30,92,0,0.0,False
2020-11-23,country,Switzerland,14,93,1,0.010752688172043012,False
2020-11-23,country,Switzerland,30,93,0,0.0,False
2020-11-23,country,Switzerland,7,93,0,0.0,False
2020-11-23,country,Switzerland,1,93,3,0.03225806451612903,False
2020-11-02,country,Switzerland,7,97,1,0.010309278350515464,False
2020-11-02,country,Switzerland,1,97,8,0.08247422680412371,False
2020-11-02,country,Switzerland,30,97,1,0.010309278350515464,False
2020-11-02,country,Switzerland,14,97,2,0.020618556701030927,False
2020-12-28,country,Switzerland,7,100,0,0.0,True
2020-12-28,country,Switzerland,14,100,0,0.0,True
2020-12-28,country,Switzerland,1,100,2,0.02,True
2021-01-18,country,Switzerland,7,103,0,0.0,True
2021-01-18,country,Switzerland,1,103,1,0.009708737864077669,True
2021-01-11,country,Switzerland,7,108,0,0.0,True
2020-11-16,country,Switzerland,30,108,0,0.0,True
2021-01-11,country,Switzerland,14,108,1,0.009259259259259259,True
2020-11-16,country,Switzerland,1,108,10,0.09259259259259259,True
2021-01-11,country,Switzerland,1,108,5,0.046296296296296294,True
2020-11-16,country,Switzerland,7,108,2,0.018518518518518517,True
2020-11-16,country,Switzerland,14,108,0,0.0,True
2020-12-14,country,Switzerland,30,119,0,0.0,True
2020-12-14,country,Switzerland,1,119,8,0.06722689075630252,True
2020-12-14,country,Switzerland,14,119,0,0.0,True
2020-12-14,country,Switzerland,7,119,1,0.008403361344537815,True
2020-11-30,country,Switzerland,30,126,1,0.007936507936507936,True
2020-11-30,country,Switzerland,1,126,6,0.047619047619047616,True
2020-11-30,country,Switzerland,14,126,1,0.007936507936507936,True
2020-11-30,country,Switzerland,7,126,1,0.007936507936507936,True
2020-12-07,country,Switzerland,7,138,2,0.014492753623188406,True
2020-12-07,country,Switzerland,1,138,7,0.050724637681159424,True
2020-12-07,country,Switzerland,14,138,0,0.0,True
2020-12-07,country,Switzerland,30,138,0,0.0,True
2021-01-04,country,Switzerland,1,144,5,0.034722222222222224,True
2021-01-04,country,Switzerland,7,144,2,0.013888888888888888,True
2021-01-04,country,Switzerland,14,144,1,0.006944444444444444,True
2020-10-26,country,Taiwan,1,47,4,0.0851063829787234,False
2020-10-26,country,Taiwan,14,47,0,0.0,False
2020-10-26,country,Taiwan,7,47,1,0.02127659574468085,False
2020-10-26,country,Taiwan,30,47,0,0.0,False
2020-12-28,country,Taiwan,30,212,0,0.0,True
2020-11-09,country,Taiwan,30,261,2,0.007662835249042145,True
2020-11-09,country,Taiwan,14,261,2,0.007662835249042145,True
2020-11-09,country,Taiwan,1,261,17,0.06513409961685823,True
2020-11-09,country,Taiwan,7,261,6,0.022988505747126436,True
2020-12-28,country,Taiwan,7,283,3,0.01060070671378092,True
2020-12-28,country,Taiwan,14,283,0,0.0,True
2020-12-28,country,Taiwan,1,283,9,0.03180212014134275,True
2021-01-25,country,Taiwan,1,285,16,0.056140350877192984,True
2020-12-21,country,Taiwan,1,290,14,0.04827586206896552,True
2020-12-21,country,Taiwan,7,290,3,0.010344827586206896,True
2020-12-21,country,Taiwan,14,290,1,0.0034482758620689655,True
2020-12-21,country,Taiwan,30,290,1,0.0034482758620689655,True
2020-11-02,country,Taiwan,14,299,1,0.0033444816053511705,True
2020-11-02,country,Taiwan,1,299,22,0.07357859531772576,True
2020-11-02,country,Taiwan,30,299,1,0.0033444816053511705,True
2020-11-02,country,Taiwan,7,299,3,0.010033444816053512,True
2020-11-16,country,Taiwan,30,306,0,0.0,True
2020-11-16,country,Taiwan,14,306,1,0.0032679738562091504,True
2020-11-16,country,Taiwan,1,306,17,0.05555555555555555,True
2020-11-16,country,Taiwan,7,306,4,0.013071895424836602,True
2020-11-23,country,Taiwan,14,314,2,0.006369426751592357,True
2020-11-23,country,Taiwan,7,314,5,0.01592356687898089,True
2020-11-23,country,Taiwan,30,314,0,0.0,True
2020-11-23,country,Taiwan,1,314,16,0.050955414012738856,True
2021-01-04,country,Taiwan,7,357,1,0.0028011204481792717,True
2021-01-04,country,Taiwan,14,357,0,0.0,True
2021-01-04,country,Taiwan,1,357,10,0.028011204481792718,True
2020-11-30,country,Taiwan,7,361,3,0.008310249307479225,True
2020-11-30,country,Taiwan,1,361,25,0.06925207756232687,True
2020-11-30,country,Taiwan,30,361,0,0.0,True
2020-11-30,country,Taiwan,14,361,4,0.0110803324099723,True
2021-01-18,country,Taiwan,1,373,19,0.05093833780160858,True
2021-01-18,country,Taiwan,7,373,2,0.005361930294906166,True
2021-01-11,country,Taiwan,1,407,13,0.03194103194103194,True
2021-01-11,country,Taiwan,14,407,2,0.004914004914004914,True
2021-01-11,country,Taiwan,7,407,1,0.002457002457002457,True
2020-12-14,country,Taiwan,14,444,0,0.0,True
2020-12-14,country,Taiwan,30,444,0,0.0,True
2020-12-14,country,Taiwan,7,444,2,0.0045045045045045045,True
2020-12-14,country,Taiwan,1,444,19,0.04279279279279279,True
2020-12-07,country,Taiwan,30,505,0,0.0,True
2020-12-07,country,Taiwan,7,505,3,0.005940594059405941,True
2020-12-07,country,Taiwan,1,505,21,0.041584158415841586,True
2020-12-07,country,Taiwan,14,505,2,0.0039603960396039604,True
2020-10-26,country,Thailand,1,9,0,0.0,False
2020-10-26,country,Thailand,7,9,0,0.0,False
2020-10-26,country,Thailand,14,9,0,0.0,False
2020-10-26,country,Thailand,30,9,0,0.0,False
2020-12-28,country,Thailand,30,54,0,0.0,False
2020-11-09,country,Thailand,30,65,0,0.0,False
2020-11-09,country,Thailand,1,65,1,0.015384615384615385,False
2020-11-09,country,Thailand,14,65,0,0.0,False
2020-11-09,country,Thailand,7,65,1,0.015384615384615385,False
2020-12-28,country,Thailand,14,74,0,0.0,False
2020-12-28,country,Thailand,7,74,0,0.0,False
2020-12-28,country,Thailand,1,74,1,0.013513513513513514,False
2020-12-21,country,Thailand,30,76,0,0.0,False
2020-12-21,country,Thailand,1,76,3,0.039473684210526314,False
2020-12-21,country,Thailand,7,76,0,0.0,False
2020-12-21,country,Thailand,14,76,1,0.013157894736842105,False
2020-11-16,country,Thailand,7,78,4,0.05128205128205128,False
2020-11-16,country,Thailand,1,78,5,0.0641025641025641,False
2020-11-16,country,Thailand,14,78,0,0.0,False
2020-11-16,country,Thailand,30,78,0,0.0,False
2020-11-30,country,Thailand,7,86,2,0.023255813953488372,False
2020-11-30,country,Thailand,14,86,1,0.011627906976744186,False
2020-11-30,country,Thailand,30,86,0,0.0,False
2020-11-30,country,Thailand,1,86,4,0.046511627906976744,False
2021-01-25,country,Thailand,1,87,5,0.05747126436781609,False
2020-11-23,country,Thailand,7,93,1,0.010752688172043012,False
2020-11-23,country,Thailand,14,93,0,0.0,False
2020-11-23,country,Thailand,1,93,7,0.07526881720430108,False
2020-11-23,country,Thailand,30,93,0,0.0,False
2021-01-18,country,Thailand,7,95,0,0.0,False
2021-01-18,country,Thailand,1,95,5,0.05263157894736842,False
2021-01-11,country,Thailand,1,96,7,0.07291666666666667,False
2021-01-11,country,Thailand,7,96,2,0.020833333333333332,False
2021-01-11,country,Thailand,14,96,1,0.010416666666666666,False
2020-11-02,country,Thailand,14,98,1,0.01020408163265306,False
2020-11-02,country,Thailand,30,98,1,0.01020408163265306,False
2020-11-02,country,Thailand,1,98,4,0.04081632653061224,False
2020-11-02,country,Thailand,7,98,3,0.030612244897959183,False
2021-01-04,country,Thailand,1,100,4,0.04,True
2021-01-04,country,Thailand,7,100,0,0.0,True
2021-01-04,country,Thailand,14,100,0,0.0,True
2020-12-14,country,Thailand,14,101,0,0.0,True
2020-12-14,country,Thailand,1,101,6,0.0594059405940594,True
2020-12-14,country,Thailand,30,101,0,0.0,True
2020-12-14,country,Thailand,7,101,1,0.009900990099009901,True
2020-12-07,country,Thailand,14,123,1,0.008130081300813009,True
2020-12-07,country,Thailand,1,123,4,0.032520325203252036,True
2020-12-07,country,Thailand,7,123,0,0.0,True
2020-12-07,country,Thailand,30,123,0,0.0,True
2020-10-26,country,Trinidad & Tobago,1,1,1,1.0,False
2020-10-26,country,Trinidad & Tobago,30,1,0,0.0,False
2020-10-26,country,Trinidad & Tobago,14,1,0,0.0,False
2020-10-26,country,Trinidad & Tobago,7,1,0,0.0,False
2021-01-04,country,Trinidad & Tobago,1,2,0,0.0,False
2020-12-14,country,Trinidad & Tobago,30,2,0,0.0,False
2020-12-14,country,Trinidad & Tobago,1,2,0,0.0,False
2020-12-14,country,Trinidad & Tobago,14,2,0,0.0,False
2021-01-18,country,Trinidad & Tobago,7,2,0,0.0,False
2021-01-04,country,Trinidad & Tobago,14,2,0,0.0,False
2020-12-14,country,Trinidad & Tobago,7,2,0,0.0,False
2021-01-25,country,Trinidad & Tobago,1,2,0,0.0,False
2021-01-18,country,Trinidad & Tobago,1,2,0,0.0,False
2021-01-04,country,Trinidad & Tobago,7,2,0,0.0,False
2020-11-09,country,Trinidad & Tobago,14,3,0,0.0,False
2020-11-09,country,Trinidad & Tobago,30,3,0,0.0,False
2020-11-09,country,Trinidad & Tobago,7,3,0,0.0,False
2020-11-09,country,Trinidad & Tobago,1,3,1,0.3333333333333333,False
2020-11-30,country,Trinidad & Tobago,7,4,0,0.0,False
2020-11-30,country,Trinidad & Tobago,1,4,0,0.0,False
2021-01-11,country,Trinidad & Tobago,14,4,0,0.0,False
2020-11-02,country,Trinidad & Tobago,7,4,0,0.0,False
2020-12-21,country,Trinidad & Tobago,30,4,0,0.0,False
2020-11-02,country,Trinidad & Tobago,1,4,0,0.0,False
2020-11-02,country,Trinidad & Tobago,30,4,0,0.0,False
2020-11-02,country,Trinidad & Tobago,14,4,0,0.0,False
2020-12-21,country,Trinidad & Tobago,14,4,0,0.0,False
2020-11-30,country,Trinidad & Tobago,30,4,0,0.0,False
2021-01-11,country,Trinidad & Tobago,7,4,0,0.0,False
2020-12-21,country,Trinidad & Tobago,1,4,0,0.0,False
2020-11-30,country,Trinidad & Tobago,14,4,0,0.0,False
2020-12-21,country,Trinidad & Tobago,7,4,0,0.0,False
2021-01-11,country,Trinidad & Tobago,1,4,0,0.0,False
2020-11-16,country,Trinidad & Tobago,30,6,0,0.0,False
2020-11-16,country,Trinidad & Tobago,1,6,1,0.16666666666666666,False
2020-11-16,country,Trinidad & Tobago,7,6,0,0.0,False
2020-11-16,country,Trinidad & Tobago,14,6,0,0.0,False
2020-12-28,country,Trinidad & Tobago,30,6,0,0.0,False
2020-12-07,country,Trinidad & Tobago,30,7,0,0.0,False
2020-12-28,country,Trinidad & Tobago,14,7,0,0.0,False
2020-11-23,country,Trinidad & Tobago,7,7,0,0.0,False
2020-12-07,country,Trinidad & Tobago,14,7,0,0.0,False
2020-12-28,country,Trinidad & Tobago,1,7,0,0.0,False
2020-12-07,country,Trinidad & Tobago,1,7,0,0.0,False
2020-12-28,country,Trinidad & Tobago,7,7,0,0.0,False
2020-12-07,country,Trinidad & Tobago,7,7,0,0.0,False
2020-11-23,country,Trinidad & Tobago,30,7,0,0.0,False
2020-11-23,country,Trinidad & Tobago,1,7,0,0.0,False
2020-11-23,country,Trinidad & Tobago,14,7,0,0.0,False
2020-10-26,country,Tunisia,7,2,0,0.0,False
2020-10-26,country,Tunisia,30,2,0,0.0,False
2020-10-26,country,Tunisia,14,2,0,0.0,False
2020-10-26,country,Tunisia,1,2,0,0.0,False
2020-12-28,country,Tunisia,30,4,0,0.0,False
2020-12-28,country,Tunisia,14,7,0,0.0,False
2021-01-25,country,Tunisia,1,7,1,0.14285714285714285,False
2020-11-23,country,Tunisia,7,7,0,0.0,False
2020-11-23,country,Tunisia,14,7,0,0.0,False
2020-12-28,country,Tunisia,1,7,0,0.0,False
2020-11-23,country,Tunisia,1,7,0,0.0,False
2020-11-30,country,Tunisia,30,7,0,0.0,False
2020-11-30,country,Tunisia,1,7,0,0.0,False
2020-11-30,country,Tunisia,7,7,0,0.0,False
2020-12-28,country,Tunisia,7,7,0,0.0,False
2020-11-30,country,Tunisia,14,7,0,0.0,False
2020-11-23,country,Tunisia,30,7,0,0.0,False
2021-01-18,country,Tunisia,7,8,0,0.0,False
2021-01-18,country,Tunisia,1,8,1,0.125,False
2021-01-11,country,Tunisia,7,9,0,0.0,False
2020-12-21,country,Tunisia,1,9,1,0.1111111111111111,False
2020-12-21,country,Tunisia,7,9,0,0.0,False
2021-01-11,country,Tunisia,1,9,0,0.0,False
2020-12-21,country,Tunisia,14,9,0,0.0,False
2020-12-21,country,Tunisia,30,9,0,0.0,False
2021-01-11,country,Tunisia,14,9,0,0.0,False
2020-11-02,country,Tunisia,7,11,0,0.0,False
2020-11-02,country,Tunisia,1,11,0,0.0,False
2020-11-09,country,Tunisia,14,11,0,0.0,False
2020-11-09,country,Tunisia,30,11,0,0.0,False
2020-11-02,country,Tunisia,30,11,0,0.0,False
2020-11-02,country,Tunisia,14,11,0,0.0,False
2020-11-09,country,Tunisia,7,11,0,0.0,False
2020-11-09,country,Tunisia,1,11,1,0.09090909090909091,False
2020-11-16,country,Tunisia,1,12,1,0.08333333333333333,False
2020-11-16,country,Tunisia,7,12,0,0.0,False
2020-11-16,country,Tunisia,14,12,0,0.0,False
2020-11-16,country,Tunisia,30,12,0,0.0,False
2020-12-07,country,Tunisia,1,15,2,0.13333333333333333,False
2020-12-07,country,Tunisia,14,15,0,0.0,False
2020-12-07,country,Tunisia,30,15,0,0.0,False
2020-12-07,country,Tunisia,7,15,0,0.0,False
2020-12-14,country,Tunisia,30,17,0,0.0,False
2020-12-14,country,Tunisia,7,17,0,0.0,False
2020-12-14,country,Tunisia,1,17,0,0.0,False
2020-12-14,country,Tunisia,14,17,0,0.0,False
2021-01-04,country,Tunisia,1,18,0,0.0,False
2021-01-04,country,Tunisia,14,18,0,0.0,False
2021-01-04,country,Tunisia,7,18,0,0.0,False
2020-10-26,country,Turkey,14,28,0,0.0,False
2020-10-26,country,Turkey,1,28,1,0.03571428571428571,False
2020-10-26,country,Turkey,30,28,0,0.0,False
2020-10-26,country,Turkey,7,28,0,0.0,False
2020-12-28,country,Turkey,30,112,0,0.0,True
2020-12-28,country,Turkey,1,147,3,0.02040816326530612,True
2020-12-28,country,Turkey,14,147,0,0.0,True
2020-12-28,country,Turkey,7,147,2,0.013605442176870748,True
2020-11-09,country,Turkey,1,165,13,0.07878787878787878,True
2020-11-09,country,Turkey,30,165,0,0.0,True
2020-11-09,country,Turkey,7,165,4,0.024242424242424242,True
2020-11-09,country,Turkey,14,165,0,0.0,True
2020-11-16,country,Turkey,7,176,4,0.022727272727272728,True
2020-11-16,country,Turkey,14,176,1,0.005681818181818182,True
2020-11-16,country,Turkey,1,176,10,0.056818181818181816,True
2020-11-16,country,Turkey,30,176,0,0.0,True
2021-01-25,country,Turkey,1,180,9,0.05,True
2020-12-21,country,Turkey,30,188,1,0.005319148936170213,True
2020-12-21,country,Turkey,7,188,3,0.015957446808510637,True
2020-12-21,country,Turkey,14,188,0,0.0,True
2020-12-21,country,Turkey,1,188,6,0.031914893617021274,True
2020-11-02,country,Turkey,7,196,2,0.01020408163265306,True
2020-11-02,country,Turkey,30,196,1,0.00510204081632653,True
2020-11-02,country,Turkey,14,196,1,0.00510204081632653,True
2020-11-02,country,Turkey,1,196,8,0.04081632653061224,True
2020-11-23,country,Turkey,30,203,0,0.0,True
2020-11-23,country,Turkey,14,203,2,0.009852216748768473,True
2020-11-23,country,Turkey,1,203,11,0.054187192118226604,True
2020-11-23,country,Turkey,7,203,1,0.0049261083743842365,True
2021-01-18,country,Turkey,1,208,13,0.0625,True
2021-01-18,country,Turkey,7,208,4,0.019230769230769232,True
2021-01-11,country,Turkey,1,210,7,0.03333333333333333,True
2021-01-11,country,Turkey,7,210,1,0.004761904761904762,True
2021-01-11,country,Turkey,14,210,0,0.0,True
2020-11-30,country,Turkey,14,227,1,0.004405286343612335,True
2020-11-30,country,Turkey,7,227,5,0.022026431718061675,True
2020-11-30,country,Turkey,30,227,0,0.0,True
2020-11-30,country,Turkey,1,227,13,0.05726872246696035,True
2021-01-04,country,Turkey,7,247,1,0.004048582995951417,True
2021-01-04,country,Turkey,1,247,10,0.04048582995951417,True
2021-01-04,country,Turkey,14,247,1,0.004048582995951417,True
2020-12-14,country,Turkey,7,249,0,0.0,True
2020-12-14,country,Turkey,30,249,1,0.004016064257028112,True
2020-12-14,country,Turkey,14,249,0,0.0,True
2020-12-14,country,Turkey,1,249,12,0.04819277108433735,True
2020-12-07,country,Turkey,7,290,0,0.0,True
2020-12-07,country,Turkey,1,290,9,0.03103448275862069,True
2020-12-07,country,Turkey,30,290,3,0.010344827586206896,True
2020-12-07,country,Turkey,14,290,0,0.0,True
2020-10-26,country,Ukraine,7,4,0,0.0,False
2020-10-26,country,Ukraine,14,4,0,0.0,False
2020-10-26,country,Ukraine,30,4,0,0.0,False
2020-10-26,country,Ukraine,1,4,0,0.0,False
2020-11-09,country,Ukraine,1,51,5,0.09803921568627451,False
2020-11-09,country,Ukraine,30,51,1,0.0196078431372549,False
2020-11-09,country,Ukraine,14,51,0,0.0,False
2020-11-09,country,Ukraine,7,51,0,0.0,False
2020-12-28,country,Ukraine,30,52,0,0.0,False
2021-01-18,country,Ukraine,1,65,2,0.03076923076923077,False
2021-01-18,country,Ukraine,7,65,0,0.0,False
2020-11-16,country,Ukraine,1,66,4,0.06060606060606061,False
2020-11-16,country,Ukraine,7,66,1,0.015151515151515152,False
2020-11-30,country,Ukraine,14,66,0,0.0,False
2020-11-16,country,Ukraine,30,66,0,0.0,False
2020-11-16,country,Ukraine,14,66,0,0.0,False
2020-11-30,country,Ukraine,1,66,3,0.045454545454545456,False
2020-11-30,country,Ukraine,7,66,2,0.030303030303030304,False
2020-11-30,country,Ukraine,30,66,0,0.0,False
2021-01-25,country,Ukraine,1,67,4,0.05970149253731343,False
2021-01-11,country,Ukraine,1,68,4,0.058823529411764705,False
2021-01-11,country,Ukraine,7,68,0,0.0,False
2021-01-11,country,Ukraine,14,68,0,0.0,False
2020-12-28,country,Ukraine,1,70,2,0.02857142857142857,False
2020-12-28,country,Ukraine,7,70,0,0.0,False
2020-12-28,country,Ukraine,14,70,0,0.0,False
2020-11-23,country,Ukraine,30,71,0,0.0,False
2020-11-23,country,Ukraine,14,71,0,0.0,False
2020-11-23,country,Ukraine,1,71,6,0.08450704225352113,False
2020-11-23,country,Ukraine,7,71,1,0.014084507042253521,False
2020-11-02,country,Ukraine,14,73,0,0.0,False
2020-11-02,country,Ukraine,30,73,0,0.0,False
2020-11-02,country,Ukraine,7,73,0,0.0,False
2020-11-02,country,Ukraine,1,73,7,0.0958904109589041,False
2020-12-21,country,Ukraine,30,74,0,0.0,False
2020-12-21,country,Ukraine,7,74,0,0.0,False
2020-12-21,country,Ukraine,14,74,0,0.0,False
2020-12-21,country,Ukraine,1,74,0,0.0,False
2021-01-04,country,Ukraine,1,78,0,0.0,False
2021-01-04,country,Ukraine,7,78,1,0.01282051282051282,False
2021-01-04,country,Ukraine,14,78,1,0.01282051282051282,False
2020-12-14,country,Ukraine,1,108,2,0.018518518518518517,True
2020-12-14,country,Ukraine,14,108,0,0.0,True
2020-12-14,country,Ukraine,30,108,0,0.0,True
2020-12-14,country,Ukraine,7,108,0,0.0,True
2020-12-07,country,Ukraine,14,115,1,0.008695652173913044,True
2020-12-07,country,Ukraine,30,115,0,0.0,True
2020-12-07,country,Ukraine,7,115,1,0.008695652173913044,True
2020-12-07,country,Ukraine,1,115,6,0.05217391304347826,True
2020-10-26,country,United Arab Emirates,30,11,0,0.0,False
2020-10-26,country,United Arab Emirates,1,11,1,0.09090909090909091,False
2020-10-26,country,United Arab Emirates,7,11,1,0.09090909090909091,False
2020-10-26,country,United Arab Emirates,14,11,0,0.0,False
2020-12-28,country,United Arab Emirates,30,33,0,0.0,False
2020-12-28,country,United Arab Emirates,14,50,0,0.0,False
2020-11-16,country,United Arab Emirates,7,50,0,0.0,False
2020-11-16,country,United Arab Emirates,14,50,1,0.02,False
2020-11-16,country,United Arab Emirates,30,50,0,0.0,False
2020-12-28,country,United Arab Emirates,1,50,1,0.02,False
2020-11-16,country,United Arab Emirates,1,50,2,0.04,False
2020-12-28,country,United Arab Emirates,7,50,0,0.0,False
2021-01-25,country,United Arab Emirates,1,52,2,0.038461538461538464,False
2020-11-09,country,United Arab Emirates,1,54,5,0.09259259259259259,False
2020-11-23,country,United Arab Emirates,1,54,6,0.1111111111111111,False
2020-11-23,country,United Arab Emirates,14,54,1,0.018518518518518517,False
2020-11-09,country,United Arab Emirates,30,54,0,0.0,False
2020-11-09,country,United Arab Emirates,7,54,1,0.018518518518518517,False
2020-11-23,country,United Arab Emirates,30,54,0,0.0,False
2020-11-09,country,United Arab Emirates,14,54,0,0.0,False
2020-11-23,country,United Arab Emirates,7,54,2,0.037037037037037035,False
2020-12-21,country,United Arab Emirates,30,55,0,0.0,False
2020-12-21,country,United Arab Emirates,7,55,0,0.0,False
2020-12-21,country,United Arab Emirates,14,55,1,0.01818181818181818,False
2020-12-21,country,United Arab Emirates,1,55,0,0.0,False
2020-11-30,country,United Arab Emirates,14,59,0,0.0,False
2020-11-30,country,United Arab Emirates,7,59,1,0.01694915254237288,False
2020-11-30,country,United Arab Emirates,1,59,1,0.01694915254237288,False
2020-11-02,country,United Arab Emirates,14,59,2,0.03389830508474576,False
2020-11-02,country,United Arab Emirates,7,59,2,0.03389830508474576,False
2020-11-02,country,United Arab Emirates,30,59,2,0.03389830508474576,False
2020-11-02,country,United Arab Emirates,1,59,2,0.03389830508474576,False
2020-11-30,country,United Arab Emirates,30,59,1,0.01694915254237288,False
2021-01-18,country,United Arab Emirates,7,64,0,0.0,False
2021-01-18,country,United Arab Emirates,1,64,3,0.046875,False
2021-01-11,country,United Arab Emirates,7,75,0,0.0,False
2021-01-11,country,United Arab Emirates,1,75,2,0.02666666666666667,False
2021-01-11,country,United Arab Emirates,14,75,0,0.0,False
2021-01-04,country,United Arab Emirates,7,78,0,0.0,False
2021-01-04,country,United Arab Emirates,14,78,1,0.01282051282051282,False
2021-01-04,country,United Arab Emirates,1,78,0,0.0,False
2020-12-14,country,United Arab Emirates,30,79,2,0.02531645569620253,False
2020-12-14,country,United Arab Emirates,14,79,0,0.0,False
2020-12-14,country,United Arab Emirates,7,79,0,0.0,False
2020-12-14,country,United Arab Emirates,1,79,5,0.06329113924050633,False
2020-12-07,country,United Arab Emirates,1,92,5,0.05434782608695652,False
2020-12-07,country,United Arab Emirates,7,92,1,0.010869565217391304,False
2020-12-07,country,United Arab Emirates,14,92,0,0.0,False
2020-12-07,country,United Arab Emirates,30,92,0,0.0,False
2020-10-26,country,United Kingdom,1,91,8,0.08791208791208792,False
2020-10-26,country,United Kingdom,30,91,0,0.0,False
2020-10-26,country,United Kingdom,7,91,3,0.03296703296703297,False
2020-10-26,country,United Kingdom,14,91,1,0.01098901098901099,False
2020-12-28,country,United Kingdom,30,391,0,0.0,True
2020-11-09,country,United Kingdom,7,515,11,0.021359223300970873,True
2020-11-09,country,United Kingdom,1,515,32,0.062135922330097085,True
2020-11-09,country,United Kingdom,14,515,2,0.003883495145631068,True
2020-11-09,country,United Kingdom,30,515,1,0.001941747572815534,True
2020-12-28,country,United Kingdom,14,519,1,0.0019267822736030828,True
2020-12-28,country,United Kingdom,1,519,22,0.04238921001926782,True
2020-12-28,country,United Kingdom,7,519,1,0.0019267822736030828,True
2021-01-25,country,United Kingdom,1,528,19,0.03598484848484849,True
2020-12-21,country,United Kingdom,7,532,1,0.0018796992481203006,True
2020-12-21,country,United Kingdom,30,532,0,0.0,True
2020-12-21,country,United Kingdom,14,532,2,0.0037593984962406013,True
2020-12-21,country,United Kingdom,1,532,20,0.03759398496240601,True
2020-11-16,country,United Kingdom,14,579,6,0.010362694300518135,True
2020-11-16,country,United Kingdom,30,579,0,0.0,True
2020-11-16,country,United Kingdom,1,579,40,0.0690846286701209,True
2020-11-16,country,United Kingdom,7,579,5,0.008635578583765112,True
2020-11-02,country,United Kingdom,7,604,8,0.013245033112582781,True
2020-11-02,country,United Kingdom,14,604,3,0.004966887417218543,True
2020-11-02,country,United Kingdom,1,604,41,0.06788079470198675,True
2020-11-02,country,United Kingdom,30,604,2,0.0033112582781456954,True
2020-11-23,country,United Kingdom,7,616,5,0.008116883116883116,True
2020-11-23,country,United Kingdom,30,616,0,0.0,True
2020-11-23,country,United Kingdom,14,616,2,0.003246753246753247,True
2020-11-23,country,United Kingdom,1,616,31,0.05032467532467533,True
2021-01-18,country,United Kingdom,1,659,20,0.030349013657056147,True
2021-01-18,country,United Kingdom,7,659,3,0.004552352048558422,True
2021-01-11,country,United Kingdom,7,689,5,0.00725689404934688,True
2021-01-11,country,United Kingdom,14,689,2,0.002902757619738752,True
2021-01-11,country,United Kingdom,1,689,36,0.05224963715529753,True
2020-11-30,country,United Kingdom,30,700,0,0.0,True
2020-11-30,country,United Kingdom,7,700,7,0.01,True
2020-11-30,country,United Kingdom,1,700,32,0.045714285714285714,True
2020-11-30,country,United Kingdom,14,700,6,0.008571428571428572,True
2021-01-04,country,United Kingdom,7,731,8,0.01094391244870041,True
2021-01-04,country,United Kingdom,14,731,2,0.0027359781121751026,True
2021-01-04,country,United Kingdom,1,731,34,0.046511627906976744,True
2020-12-14,country,United Kingdom,7,771,3,0.0038910505836575876,True
2020-12-14,country,United Kingdom,30,771,0,0.0,True
2020-12-14,country,United Kingdom,1,771,37,0.04798962386511025,True
2020-12-14,country,United Kingdom,14,771,1,0.0012970168612191958,True
2020-12-07,country,United Kingdom,30,922,2,0.0021691973969631237,True
2020-12-07,country,United Kingdom,7,922,6,0.006507592190889371,True
2020-12-07,country,United Kingdom,14,922,0,0.0,True
2020-12-07,country,United Kingdom,1,922,46,0.049891540130151846,True
2020-10-26,country,United States,30,1096,1,0.0009124087591240876,True
2020-10-26,country,United States,14,1096,6,0.005474452554744526,True
2020-10-26,country,United States,1,1096,51,0.046532846715328466,True
2020-10-26,country,United States,7,1096,6,0.005474452554744526,True
2020-12-28,country,United States,30,5253,7,0.001332571863696935,True
2020-11-09,country,United States,1,7072,463,0.06546945701357466,True
2020-11-09,country,United States,7,7072,106,0.01498868778280543,True
2020-11-09,country,United States,14,7072,55,0.0077771493212669685,True
2020-11-09,country,United States,30,7072,21,0.0029694570135746605,True
2020-12-28,country,United States,1,7240,216,0.02983425414364641,True
2020-12-28,country,United States,7,7240,24,0.0033149171270718232,True
2020-12-28,country,United States,14,7240,14,0.0019337016574585636,True
2021-01-25,country,United States,1,7622,330,0.04329572290737339,True
2020-12-21,country,United States,14,7669,16,0.002086321554309558,True
2020-12-21,country,United States,30,7669,11,0.0014343460685878212,True
2020-12-21,country,United States,1,7669,250,0.032598774286086846,True
2020-12-21,country,United States,7,7669,25,0.003259877428608684,True
2020-11-16,country,United States,1,7992,527,0.06594094094094094,True
2020-11-16,country,United States,14,7992,52,0.0065065065065065065,True
2020-11-16,country,United States,7,7992,79,0.009884884884884884,True
2020-11-16,country,United States,30,7992,21,0.002627627627627628,True
2020-11-02,country,United States,30,8414,31,0.0036843356310910388,True
2020-11-02,country,United States,14,8414,76,0.009032564772997385,True
2020-11-02,country,United States,7,8414,111,0.013192298550035654,True
2020-11-02,country,United States,1,8414,508,0.06037556453529831,True
2020-11-23,country,United States,14,8908,41,0.004602604400538841,True
2020-11-23,country,United States,7,8908,85,0.009541984732824428,True
2020-11-23,country,United States,30,8908,5,0.0005612932195779075,True
2020-11-23,country,United States,1,8908,477,0.05354737314773238,True
2021-01-18,country,United States,1,9026,422,0.046753822291158875,True
2021-01-18,country,United States,7,9026,63,0.0069798360292488365,True
2021-01-11,country,United States,1,9390,365,0.03887113951011715,True
2021-01-11,country,United States,7,9390,63,0.00670926517571885,True
2021-01-11,country,United States,14,9390,28,0.002981895633652822,True
2020-11-30,country,United States,1,9640,545,0.05653526970954357,True
2020-11-30,country,United States,14,9640,48,0.004979253112033195,True
2020-11-30,country,United States,7,9640,76,0.007883817427385892,True
2020-11-30,country,United States,30,9640,8,0.0008298755186721991,True
2021-01-04,country,United States,14,10132,25,0.00246742992499013,True
2021-01-04,country,United States,1,10132,407,0.04016975917883932,True
2021-01-04,country,United States,7,10132,42,0.0041452822739834186,True
2020-12-14,country,United States,1,10857,472,0.043474256240213685,True
2020-12-14,country,United States,30,10857,15,0.0013815971262779773,True
2020-12-14,country,United States,7,10857,45,0.004144791378833932,True
2020-12-14,country,United States,14,10857,25,0.002302661877129962,True
2020-12-07,country,United States,14,12495,23,0.0018407362945178072,True
2020-12-07,country,United States,1,12495,572,0.045778311324529815,True
2020-12-07,country,United States,7,12495,84,0.0067226890756302525,True
2020-12-07,country,United States,30,12495,12,0.0009603841536614646,True
2020-12-28,country,Uruguay,30,1,0,0.0,False
2020-10-26,country,Uruguay,30,2,0,0.0,False
2020-10-26,country,Uruguay,7,2,0,0.0,False
2020-10-26,country,Uruguay,1,2,0,0.0,False
2020-10-26,country,Uruguay,14,2,0,0.0,False
2021-01-04,country,Uruguay,7,5,0,0.0,False
2020-11-09,country,Uruguay,30,5,0,0.0,False
2020-11-09,country,Uruguay,1,5,0,0.0,False
2021-01-25,country,Uruguay,1,5,0,0.0,False
2020-11-09,country,Uruguay,14,5,0,0.0,False
2020-11-09,country,Uruguay,7,5,0,0.0,False
2021-01-04,country,Uruguay,1,5,0,0.0,False
2021-01-04,country,Uruguay,14,5,0,0.0,False
2021-01-18,country,Uruguay,7,6,0,0.0,False
2021-01-11,country,Uruguay,1,6,1,0.16666666666666666,False
2021-01-18,country,Uruguay,1,6,0,0.0,False
2021-01-11,country,Uruguay,7,6,0,0.0,False
2021-01-11,country,Uruguay,14,6,0,0.0,False
2020-12-07,country,Uruguay,30,7,0,0.0,False
2020-12-07,country,Uruguay,14,7,0,0.0,False
2020-12-28,country,Uruguay,1,7,1,0.14285714285714285,False
2020-12-28,country,Uruguay,14,7,0,0.0,False
2020-12-07,country,Uruguay,1,7,0,0.0,False
2020-12-07,country,Uruguay,7,7,0,0.0,False
2020-12-28,country,Uruguay,7,7,0,0.0,False
2020-11-02,country,Uruguay,14,8,1,0.125,False
2020-12-21,country,Uruguay,30,8,0,0.0,False
2020-12-21,country,Uruguay,1,8,1,0.125,False
2020-11-02,country,Uruguay,1,8,0,0.0,False
2020-11-23,country,Uruguay,30,8,0,0.0,False
2020-11-02,country,Uruguay,7,8,0,0.0,False
2020-11-23,country,Uruguay,14,8,0,0.0,False
2020-12-21,country,Uruguay,7,8,0,0.0,False
2020-11-02,country,Uruguay,30,8,0,0.0,False
2020-11-23,country,Uruguay,7,8,0,0.0,False
2020-12-21,country,Uruguay,14,8,0,0.0,False
2020-11-23,country,Uruguay,1,8,0,0.0,False
2020-12-14,country,Uruguay,30,11,0,0.0,False
2020-12-14,country,Uruguay,1,11,0,0.0,False
2020-12-14,country,Uruguay,7,11,0,0.0,False
2020-12-14,country,Uruguay,14,11,0,0.0,False
2020-11-30,country,Uruguay,30,12,0,0.0,False
2020-11-30,country,Uruguay,7,12,0,0.0,False
2020-11-30,country,Uruguay,14,12,0,0.0,False
2020-11-30,country,Uruguay,1,12,1,0.08333333333333333,False
2020-11-16,country,Uruguay,30,13,0,0.0,False
2020-11-16,country,Uruguay,1,13,2,0.15384615384615385,False
2020-11-16,country,Uruguay,14,13,0,0.0,False
2020-11-16,country,Uruguay,7,13,0,0.0,False
2020-10-26,country,Venezuela,7,1,0,0.0,False
2020-10-26,country,Venezuela,14,1,0,0.0,False
2020-10-26,country,Venezuela,1,1,0,0.0,False
2020-10-26,country,Venezuela,30,1,0,0.0,False
2020-11-02,country,Venezuela,7,4,0,0.0,False
2020-11-02,country,Venezuela,30,4,1,0.25,False
2020-12-21,country,Venezuela,7,4,0,0.0,False
2020-12-21,country,Venezuela,1,4,0,0.0,False
2020-12-21,country,Venezuela,30,4,0,0.0,False
2020-11-02,country,Venezuela,1,4,0,0.0,False
2021-01-04,country,Venezuela,14,4,0,0.0,False
2021-01-04,country,Venezuela,1,4,1,0.25,False
2021-01-04,country,Venezuela,7,4,0,0.0,False
2020-11-02,country,Venezuela,14,4,0,0.0,False
2020-12-21,country,Venezuela,14,4,0,0.0,False
2020-11-09,country,Venezuela,14,5,0,0.0,False
2021-01-18,country,Venezuela,1,5,1,0.2,False
2020-11-09,country,Venezuela,1,5,1,0.2,False
2020-11-09,country,Venezuela,7,5,1,0.2,False
2020-11-09,country,Venezuela,30,5,0,0.0,False
2021-01-18,country,Venezuela,7,5,0,0.0,False
2020-11-23,country,Venezuela,30,6,0,0.0,False
2020-11-23,country,Venezuela,14,6,0,0.0,False
2020-11-23,country,Venezuela,7,6,0,0.0,False
2020-12-28,country,Venezuela,30,6,0,0.0,False
2020-11-23,country,Venezuela,1,6,1,0.16666666666666666,False
2020-12-28,country,Venezuela,1,7,0,0.0,False
2020-12-28,country,Venezuela,7,7,0,0.0,False
2021-01-11,country,Venezuela,7,7,0,0.0,False
2021-01-11,country,Venezuela,14,7,0,0.0,False
2021-01-11,country,Venezuela,1,7,0,0.0,False
2020-12-28,country,Venezuela,14,7,0,0.0,False
2020-11-16,country,Venezuela,7,8,0,0.0,False
2021-01-25,country,Venezuela,1,8,0,0.0,False
2020-11-16,country,Venezuela,14,8,0,0.0,False
2020-11-16,country,Venezuela,1,8,1,0.125,False
2020-11-16,country,Venezuela,30,8,0,0.0,False
2020-11-30,country,Venezuela,7,9,0,0.0,False
2020-11-30,country,Venezuela,30,9,0,0.0,False
2020-11-30,country,Venezuela,14,9,0,0.0,False
2020-11-30,country,Venezuela,1,9,1,0.1111111111111111,False
2020-12-14,country,Venezuela,1,10,0,0.0,False
2020-12-14,country,Venezuela,7,10,0,0.0,False
2020-12-14,country,Venezuela,14,10,0,0.0,False
2020-12-14,country,Venezuela,30,10,0,0.0,False
2020-12-07,country,Venezuela,1,14,0,0.0,False
2020-12-07,country,Venezuela,7,14,0,0.0,False
2020-12-07,country,Venezuela,30,14,0,0.0,False
2020-12-07,country,Venezuela,14,14,0,0.0,False
2020-10-26,country,Vietnam,14,8,0,0.0,False
2020-10-26,country,Vietnam,1,8,0,0.0,False
2020-10-26,country,Vietnam,7,8,0,0.0,False
2020-10-26,country,Vietnam,30,8,0,0.0,False
2020-12-28,country,Vietnam,30,43,0,0.0,False
2021-01-25,country,Vietnam,1,53,1,0.018867924528301886,False
2020-12-28,country,Vietnam,7,57,1,0.017543859649122806,False
2020-12-28,country,Vietnam,14,57,1,0.017543859649122806,False
2020-12-28,country,Vietnam,1,57,2,0.03508771929824561,False
2020-11-09,country,Vietnam,7,59,0,0.0,False
2020-11-09,country,Vietnam,30,59,1,0.01694915254237288,False
2020-11-09,country,Vietnam,14,59,1,0.01694915254237288,False
2020-11-09,country,Vietnam,1,59,2,0.03389830508474576,False
2021-01-11,country,Vietnam,14,75,0,0.0,False
2021-01-11,country,Vietnam,1,75,2,0.02666666666666667,False
2021-01-11,country,Vietnam,7,75,1,0.013333333333333334,False
2020-11-30,country,Vietnam,30,76,0,0.0,False
2020-11-30,country,Vietnam,14,76,1,0.013157894736842105,False
2020-11-30,country,Vietnam,1,76,4,0.05263157894736842,False
2020-11-30,country,Vietnam,7,76,0,0.0,False
2021-01-04,country,Vietnam,14,83,0,0.0,False
2021-01-04,country,Vietnam,7,83,1,0.012048192771084338,False
2021-01-04,country,Vietnam,1,83,2,0.024096385542168676,False
2020-11-23,country,Vietnam,7,85,1,0.011764705882352941,False
2020-11-23,country,Vietnam,14,85,0,0.0,False
2020-11-23,country,Vietnam,1,85,7,0.08235294117647059,False
2020-11-23,country,Vietnam,30,85,0,0.0,False
2020-12-21,country,Vietnam,30,91,0,0.0,False
2020-12-21,country,Vietnam,1,91,6,0.06593406593406594,False
2020-12-21,country,Vietnam,7,91,0,0.0,False
2020-12-21,country,Vietnam,14,91,0,0.0,False
2020-11-16,country,Vietnam,14,92,2,0.021739130434782608,False
2020-11-16,country,Vietnam,7,92,2,0.021739130434782608,False
2020-11-16,country,Vietnam,1,92,4,0.043478260869565216,False
2020-11-16,country,Vietnam,30,92,0,0.0,False
2020-11-02,country,Vietnam,30,93,1,0.010752688172043012,False
2020-11-02,country,Vietnam,7,93,3,0.03225806451612903,False
2020-11-02,country,Vietnam,14,93,0,0.0,False
2020-11-02,country,Vietnam,1,93,8,0.08602150537634409,False
2021-01-18,country,Vietnam,1,100,5,0.05,True
2021-01-18,country,Vietnam,7,100,2,0.02,True
2020-12-07,country,Vietnam,14,124,0,0.0,True
2020-12-14,country,Vietnam,14,124,0,0.0,True
2020-12-14,country,Vietnam,30,124,0,0.0,True
2020-12-07,country,Vietnam,30,124,0,0.0,True
2020-12-07,country,Vietnam,7,124,1,0.008064516129032258,True
2020-12-14,country,Vietnam,1,124,3,0.024193548387096774,True
2020-12-14,country,Vietnam,7,124,0,0.0,True
2020-12-07,country,Vietnam,1,124,6,0.04838709677419355,True
2020-10-26,all,all,1,2365,128,0.054122621564482026,True
2020-10-26,all,all,14,2365,15,0.006342494714587738,True
2020-10-26,all,all,7,2365,20,0.008456659619450317,True
2020-10-26,all,all,30,2365,5,0.0021141649048625794,True
2020-12-28,all,all,30,11975,13,0.0010855949895615866,True
2020-11-09,all,all,1,16232,995,0.06129866929521932,True
2020-11-09,all,all,30,16232,54,0.003326761951700345,True
2020-11-09,all,all,7,16232,260,0.016017742730409068,True
2020-11-09,all,all,14,16232,125,0.007700837851158206,True
2020-12-28,all,all,7,16615,61,0.00367138128197412,True
2020-12-28,all,all,14,16615,29,0.0017454107733975324,True
2020-12-28,all,all,1,16615,491,0.029551609990972012,True
2021-01-25,all,all,1,17230,727,0.042193847939640164,True
2020-12-21,all,all,1,17430,566,0.03247274813539874,True
2020-12-21,all,all,30,17430,18,0.0010327022375215145,True
2020-12-21,all,all,7,17430,69,0.003958691910499139,True
2020-12-21,all,all,14,17430,44,0.0025243832472748137,True
2020-11-16,all,all,30,18167,48,0.0026421533549843123,True
2020-11-16,all,all,14,18167,130,0.0071558320030825125,True
2020-11-16,all,all,7,18167,185,0.010183299389002037,True
2020-11-16,all,all,1,18167,1166,0.06418230858149392,True
2020-11-02,all,all,1,19374,1204,0.0621451429751213,True
2020-11-02,all,all,30,19374,73,0.0037679364096211416,True
2020-11-02,all,all,14,19374,153,0.007897181790027873,True
2020-11-02,all,all,7,19374,269,0.013884587591617632,True
2020-11-23,all,all,14,20072,96,0.004782781984854523,True
2020-11-23,all,all,7,20072,196,0.009764846552411319,True
2020-11-23,all,all,30,20072,13,0.0006476683937823834,True
2020-11-23,all,all,1,20072,1084,0.054005579912315665,True
2021-01-18,all,all,1,20698,937,0.04527007440332399,True
2021-01-18,all,all,7,20698,147,0.0071021354720262825,True
2021-01-11,all,all,1,21433,816,0.038072131759436384,True
2021-01-11,all,all,14,21433,71,0.003312648719264685,True
2021-01-11,all,all,7,21433,139,0.006485326365884384,True
2020-11-30,all,all,30,22034,18,0.0008169193065262776,True
2020-11-30,all,all,7,22034,209,0.009485340836888446,True
2020-11-30,all,all,1,22034,1241,0.056322047744395025,True
2020-11-30,all,all,14,22034,124,0.00562766633384769,True
2021-01-04,all,all,7,22908,113,0.004932774576567138,True
2021-01-04,all,all,14,22908,57,0.00248821372446307,True
2021-01-04,all,all,1,22908,883,0.03854548629299808,True
2020-12-14,all,all,1,24839,1040,0.04186964048472161,True
2020-12-14,all,all,7,24839,101,0.004066186239381617,True
2020-12-14,all,all,30,24839,33,0.0013285558999959742,True
2020-12-14,all,all,14,24839,43,0.001731148596964451,True
2020-12-07,all,all,1,28545,1260,0.0441408302679979,True
2020-12-07,all,all,30,28545,47,0.0016465230338062707,True
2020-12-07,all,all,7,28545,197,0.006901383779996497,True
2020-12-07,all,all,14,28545,47,0.0016465230338062707,True
2020-10-26,first_session_behavior,cart_without_purchase,1,1,0,0.0,False
2020-10-26,first_session_behavior,cart_without_purchase,14,1,0,0.0,False
2020-10-26,first_session_behavior,cart_without_purchase,30,1,0,0.0,False
2020-10-26,first_session_behavior,cart_without_purchase,7,1,0,0.0,False
2020-12-28,first_session_behavior,cart_without_purchase,30,274,3,0.010948905109489052,True
2020-11-16,first_session_behavior,cart_without_purchase,1,321,28,0.08722741433021806,True
2020-11-16,first_session_behavior,cart_without_purchase,30,321,5,0.01557632398753894,True
2020-11-16,first_session_behavior,cart_without_purchase,14,321,3,0.009345794392523364,True
2020-11-16,first_session_behavior,cart_without_purchase,7,321,4,0.012461059190031152,True
2020-12-28,first_session_behavior,cart_without_purchase,1,352,36,0.10227272727272728,True
2020-12-28,first_session_behavior,cart_without_purchase,14,352,5,0.014204545454545454,True
2020-12-28,first_session_behavior,cart_without_purchase,7,352,3,0.008522727272727272,True
2021-01-25,first_session_behavior,cart_without_purchase,1,459,58,0.12636165577342048,True
2020-12-21,first_session_behavior,cart_without_purchase,7,495,2,0.00404040404040404,True
2020-12-21,first_session_behavior,cart_without_purchase,14,495,7,0.014141414141414142,True
2020-12-21,first_session_behavior,cart_without_purchase,30,495,3,0.006060606060606061,True
2020-12-21,first_session_behavior,cart_without_purchase,1,495,43,0.08686868686868687,True
2021-01-04,first_session_behavior,cart_without_purchase,14,520,4,0.007692307692307693,True
2021-01-04,first_session_behavior,cart_without_purchase,1,520,74,0.1423076923076923,True
2021-01-04,first_session_behavior,cart_without_purchase,7,520,19,0.03653846153846154,True
2021-01-18,first_session_behavior,cart_without_purchase,1,539,77,0.14285714285714285,True
2021-01-18,first_session_behavior,cart_without_purchase,7,539,13,0.02411873840445269,True
2021-01-11,first_session_behavior,cart_without_purchase,1,554,64,0.11552346570397112,True
2021-01-11,first_session_behavior,cart_without_purchase,7,554,8,0.01444043321299639,True
2021-01-11,first_session_behavior,cart_without_purchase,14,554,7,0.01263537906137184,True
2020-11-23,first_session_behavior,cart_without_purchase,30,760,1,0.0013157894736842105,True
2020-11-23,first_session_behavior,cart_without_purchase,14,760,6,0.007894736842105263,True
2020-11-23,first_session_behavior,cart_without_purchase,7,760,5,0.006578947368421052,True
2020-11-23,first_session_behavior,cart_without_purchase,1,760,59,0.07763157894736843,True
2020-12-14,first_session_behavior,cart_without_purchase,7,1005,15,0.014925373134328358,True
2020-12-14,first_session_behavior,cart_without_purchase,30,1005,5,0.004975124378109453,True
2020-12-14,first_session_behavior,cart_without_purchase,14,1005,8,0.007960199004975124,True
2020-12-14,first_session_behavior,cart_without_purchase,1,1005,126,0.1253731343283582,True
2020-12-07,first_session_behavior,cart_without_purchase,30,1426,1,0.0007012622720897616,True
2020-12-07,first_session_behavior,cart_without_purchase,7,1426,23,0.016129032258064516,True
2020-12-07,first_session_behavior,cart_without_purchase,1,1426,142,0.09957924263674614,True
2020-12-07,first_session_behavior,cart_without_purchase,14,1426,6,0.004207573632538569,True
2020-11-30,first_session_behavior,cart_without_purchase,30,1504,1,0.0006648936170212766,True
2020-11-30,first_session_behavior,cart_without_purchase,7,1504,19,0.012632978723404254,True
2020-11-30,first_session_behavior,cart_without_purchase,14,1504,12,0.007978723404255319,True
2020-11-30,first_session_behavior,cart_without_purchase,1,1504,156,0.10372340425531915,True
2020-10-26,first_session_behavior,cross_day_session_excluded,14,4,0,0.0,False
2020-10-26,first_session_behavior,cross_day_session_excluded,7,4,0,0.0,False
2020-10-26,first_session_behavior,cross_day_session_excluded,30,4,0,0.0,False
2020-10-26,first_session_behavior,cross_day_session_excluded,1,4,4,1.0,False
2020-12-28,first_session_behavior,cross_day_session_excluded,30,17,0,0.0,False
2020-12-21,first_session_behavior,cross_day_session_excluded,7,20,0,0.0,False
2020-12-21,first_session_behavior,cross_day_session_excluded,30,20,0,0.0,False
2020-12-21,first_session_behavior,cross_day_session_excluded,1,20,20,1.0,False
2020-12-21,first_session_behavior,cross_day_session_excluded,14,20,0,0.0,False
2020-12-28,first_session_behavior,cross_day_session_excluded,1,25,25,1.0,False
2020-12-28,first_session_behavior,cross_day_session_excluded,14,25,0,0.0,False
2020-12-28,first_session_behavior,cross_day_session_excluded,7,25,0,0.0,False
2021-01-25,first_session_behavior,cross_day_session_excluded,1,28,28,1.0,False
2021-01-04,first_session_behavior,cross_day_session_excluded,1,33,32,0.9696969696969697,False
2021-01-04,first_session_behavior,cross_day_session_excluded,7,33,1,0.030303030303030304,False
2021-01-04,first_session_behavior,cross_day_session_excluded,14,33,0,0.0,False
2021-01-11,first_session_behavior,cross_day_session_excluded,1,36,36,1.0,False
2021-01-11,first_session_behavior,cross_day_session_excluded,14,36,1,0.027777777777777776,False
2021-01-11,first_session_behavior,cross_day_session_excluded,7,36,0,0.0,False
2020-11-09,first_session_behavior,cross_day_session_excluded,30,42,2,0.047619047619047616,False
2020-11-09,first_session_behavior,cross_day_session_excluded,1,42,42,1.0,False
2020-11-09,first_session_behavior,cross_day_session_excluded,7,42,3,0.07142857142857142,False
2020-11-09,first_session_behavior,cross_day_session_excluded,14,42,0,0.0,False
2020-11-16,first_session_behavior,cross_day_session_excluded,1,45,45,1.0,False
2020-11-16,first_session_behavior,cross_day_session_excluded,7,45,1,0.022222222222222223,False
2020-11-16,first_session_behavior,cross_day_session_excluded,14,45,2,0.044444444444444446,False
2020-11-16,first_session_behavior,cross_day_session_excluded,30,45,0,0.0,False
2021-01-18,first_session_behavior,cross_day_session_excluded,1,47,47,1.0,False
2021-01-18,first_session_behavior,cross_day_session_excluded,7,47,1,0.02127659574468085,False
2020-11-23,first_session_behavior,cross_day_session_excluded,1,48,48,1.0,False
2020-11-23,first_session_behavior,cross_day_session_excluded,14,48,0,0.0,False
2020-11-23,first_session_behavior,cross_day_session_excluded,30,48,0,0.0,False
2020-11-23,first_session_behavior,cross_day_session_excluded,7,48,0,0.0,False
2020-12-07,first_session_behavior,cross_day_session_excluded,14,49,0,0.0,False
2020-12-07,first_session_behavior,cross_day_session_excluded,1,49,49,1.0,False
2020-12-07,first_session_behavior,cross_day_session_excluded,7,49,0,0.0,False
2020-12-07,first_session_behavior,cross_day_session_excluded,30,49,1,0.02040816326530612,False
2020-12-14,first_session_behavior,cross_day_session_excluded,7,50,1,0.02,False
2020-12-14,first_session_behavior,cross_day_session_excluded,14,50,0,0.0,False
2020-12-14,first_session_behavior,cross_day_session_excluded,30,50,0,0.0,False
2020-12-14,first_session_behavior,cross_day_session_excluded,1,50,50,1.0,False
2020-11-02,first_session_behavior,cross_day_session_excluded,1,56,55,0.9821428571428571,False
2020-11-02,first_session_behavior,cross_day_session_excluded,30,56,0,0.0,False
2020-11-02,first_session_behavior,cross_day_session_excluded,7,56,1,0.017857142857142856,False
2020-11-02,first_session_behavior,cross_day_session_excluded,14,56,0,0.0,False
2020-11-30,first_session_behavior,cross_day_session_excluded,14,60,0,0.0,False
2020-11-30,first_session_behavior,cross_day_session_excluded,1,60,60,1.0,False
2020-11-30,first_session_behavior,cross_day_session_excluded,7,60,1,0.016666666666666666,False
2020-11-30,first_session_behavior,cross_day_session_excluded,30,60,1,0.016666666666666666,False
2020-10-26,device,desktop,7,1373,10,0.007283321194464676,True
2020-10-26,device,desktop,30,1373,2,0.0014566642388929353,True
2020-10-26,device,desktop,14,1373,9,0.0065549890750182084,True
2020-10-26,device,desktop,1,1373,71,0.051711580480699196,True
2020-12-28,device,desktop,30,7001,7,0.000999857163262391,True
2020-11-09,device,desktop,7,9388,153,0.01629740093736685,True
2020-11-09,device,desktop,30,9388,36,0.0038346825734980826,True
2020-11-09,device,desktop,14,9388,72,0.007669365146996165,True
2020-11-09,device,desktop,1,9388,581,0.06188751597784405,True
2020-12-28,device,desktop,1,9770,296,0.03029682702149437,True
2020-12-28,device,desktop,7,9770,35,0.0035823950870010235,True
2020-12-28,device,desktop,14,9770,14,0.0014329580348004093,True
2021-01-25,device,desktop,1,10033,422,0.04206119804644672,True
2020-12-21,device,desktop,7,10074,41,0.004069882866785785,True
2020-12-21,device,desktop,1,10074,324,0.03216200119118523,True
2020-12-21,device,desktop,30,10074,12,0.0011911852293031567,True
2020-12-21,device,desktop,14,10074,23,0.00228310502283105,True
2020-11-16,device,desktop,30,10534,27,0.002563128915891399,True
2020-11-16,device,desktop,14,10534,68,0.0064552876400227836,True
2020-11-16,device,desktop,7,10534,108,0.010252515663565597,True
2020-11-16,device,desktop,1,10534,678,0.0643630149990507,True
2020-11-02,device,desktop,7,11233,155,0.013798629039437372,True
2020-11-02,device,desktop,14,11233,83,0.0073889432920858185,True
2020-11-02,device,desktop,30,11233,43,0.0038280067657794,True
2020-11-02,device,desktop,1,11233,689,0.06133713166562806,True
2020-11-23,device,desktop,14,11662,61,0.005230663694049048,True
2020-11-23,device,desktop,7,11662,106,0.009089350025724575,True
2020-11-23,device,desktop,30,11662,8,0.0006859886811867604,True
2020-11-23,device,desktop,1,11662,617,0.052906877036528896,True
2021-01-18,device,desktop,7,12081,89,0.007366939822862345,True
2021-01-18,device,desktop,1,12081,549,0.04544325800844301,True
2021-01-11,device,desktop,1,12256,453,0.03696148825065274,True
2021-01-11,device,desktop,7,12256,69,0.005629895561357703,True
2021-01-11,device,desktop,14,12256,43,0.0035084856396866843,True
2020-11-30,device,desktop,1,12894,724,0.05615014735535908,True
2020-11-30,device,desktop,14,12894,74,0.005739103458973166,True
2020-11-30,device,desktop,30,12894,9,0.0006979990693345743,True
2020-11-30,device,desktop,7,12894,127,0.009849542422832326,True
2021-01-04,device,desktop,1,13206,496,0.03755868544600939,True
2021-01-04,device,desktop,7,13206,74,0.005603513554444949,True
2021-01-04,device,desktop,14,13206,33,0.002498864152657883,True
2020-12-14,device,desktop,14,14438,27,0.001870065105970356,True
2020-12-14,device,desktop,1,14438,594,0.04114143233134783,True
2020-12-14,device,desktop,30,14438,23,0.0015930184236043774,True
2020-12-14,device,desktop,7,14438,50,0.0034630835295747335,True
2020-12-07,device,desktop,30,16697,33,0.0019764029466371206,True
2020-12-07,device,desktop,7,16697,118,0.007067137809187279,True
2020-12-07,device,desktop,1,16697,735,0.044019883811463136,True
2020-12-07,device,desktop,14,16697,32,0.0019165119482541773,True
2020-10-26,source_medium,google / cpc,1,101,7,0.06930693069306931,True
2020-10-26,source_medium,google / cpc,7,101,1,0.009900990099009901,True
2020-10-26,source_medium,google / cpc,30,101,0,0.0,True
2020-10-26,source_medium,google / cpc,14,101,1,0.009900990099009901,True
2020-12-28,source_medium,google / cpc,30,622,2,0.003215434083601286,True
2020-11-09,source_medium,google / cpc,7,838,12,0.014319809069212411,True
2020-11-09,source_medium,google / cpc,1,838,49,0.05847255369928401,True
2020-11-09,source_medium,google / cpc,14,838,5,0.0059665871121718375,True
2020-11-09,source_medium,google / cpc,30,838,2,0.002386634844868735,True
2020-12-28,source_medium,google / cpc,14,862,2,0.002320185614849188,True
2020-12-28,source_medium,google / cpc,1,862,26,0.030162412993039442,True
2020-12-28,source_medium,google / cpc,7,862,4,0.004640371229698376,True
2020-11-16,source_medium,google / cpc,14,914,6,0.006564551422319475,True
2020-11-16,source_medium,google / cpc,1,914,65,0.0711159737417943,True
2021-01-25,source_medium,google / cpc,1,914,41,0.044857768052516414,True
2020-11-16,source_medium,google / cpc,7,914,9,0.009846827133479213,True
2020-11-16,source_medium,google / cpc,30,914,0,0.0,True
2020-12-21,source_medium,google / cpc,14,928,0,0.0,True
2020-12-21,source_medium,google / cpc,1,928,33,0.03556034482758621,True
2020-12-21,source_medium,google / cpc,30,928,0,0.0,True
2020-12-21,source_medium,google / cpc,7,928,5,0.005387931034482759,True
2020-11-02,source_medium,google / cpc,1,985,56,0.05685279187817259,True
2020-11-02,source_medium,google / cpc,7,985,9,0.009137055837563452,True
2020-11-02,source_medium,google / cpc,30,985,2,0.0020304568527918783,True
2020-11-02,source_medium,google / cpc,14,985,3,0.003045685279187817,True
2020-11-23,source_medium,google / cpc,7,1000,9,0.009,True
2020-11-23,source_medium,google / cpc,1,1000,55,0.055,True
2020-11-23,source_medium,google / cpc,30,1000,2,0.002,True
2020-11-23,source_medium,google / cpc,14,1000,1,0.001,True
2021-01-11,source_medium,google / cpc,14,1086,2,0.001841620626151013,True
2021-01-11,source_medium,google / cpc,7,1086,4,0.003683241252302026,True
2021-01-11,source_medium,google / cpc,1,1086,36,0.03314917127071823,True
2021-01-18,source_medium,google / cpc,7,1134,8,0.007054673721340388,True
2021-01-18,source_medium,google / cpc,1,1134,56,0.04938271604938271,True
2021-01-04,source_medium,google / cpc,7,1214,7,0.005766062602965404,True
2021-01-04,source_medium,google / cpc,1,1214,44,0.036243822075782535,True
2021-01-04,source_medium,google / cpc,14,1214,4,0.0032948929159802307,True
2020-11-30,source_medium,google / cpc,14,1261,7,0.0055511498810467885,True
2020-11-30,source_medium,google / cpc,1,1261,75,0.05947660586835844,True
2020-11-30,source_medium,google / cpc,30,1261,0,0.0,True
2020-11-30,source_medium,google / cpc,7,1261,12,0.00951625693893735,True
2020-12-14,source_medium,google / cpc,7,1352,5,0.0036982248520710057,True
2020-12-14,source_medium,google / cpc,1,1352,62,0.04585798816568047,True
2020-12-14,source_medium,google / cpc,14,1352,3,0.0022189349112426036,True
2020-12-14,source_medium,google / cpc,30,1352,2,0.0014792899408284023,True
2020-12-07,source_medium,google / cpc,14,1552,2,0.001288659793814433,True
2020-12-07,source_medium,google / cpc,7,1552,6,0.003865979381443299,True
2020-12-07,source_medium,google / cpc,30,1552,2,0.001288659793814433,True
2020-12-07,source_medium,google / cpc,1,1552,63,0.04059278350515464,True
2020-10-26,source_medium,google / organic,7,771,3,0.0038910505836575876,True
2020-10-26,source_medium,google / organic,30,771,3,0.0038910505836575876,True
2020-10-26,source_medium,google / organic,14,771,5,0.00648508430609598,True
2020-10-26,source_medium,google / organic,1,771,33,0.042801556420233464,True
2020-12-28,source_medium,google / organic,30,4172,3,0.0007190795781399808,True
2020-11-09,source_medium,google / organic,14,5457,42,0.007696536558548653,True
2020-11-09,source_medium,google / organic,7,5457,90,0.016492578339747113,True
2020-11-09,source_medium,google / organic,30,5457,14,0.0025655121861828845,True
2020-11-09,source_medium,google / organic,1,5457,330,0.060472787245739415,True
2020-12-28,source_medium,google / organic,14,5768,16,0.0027739251040221915,True
2020-12-28,source_medium,google / organic,7,5768,27,0.004680998613037448,True
2020-12-28,source_medium,google / organic,1,5768,170,0.029472954230235784,True
2021-01-25,source_medium,google / organic,1,5900,235,0.03983050847457627,True
2020-12-21,source_medium,google / organic,14,6133,14,0.0022827327572150662,True
2020-12-21,source_medium,google / organic,7,6133,27,0.004402413174629056,True
2020-12-21,source_medium,google / organic,30,6133,5,0.0008152616990053808,True
2020-12-21,source_medium,google / organic,1,6133,178,0.029023316484591555,True
2020-11-16,source_medium,google / organic,7,6217,45,0.007238217789930835,True
2020-11-16,source_medium,google / organic,30,6217,9,0.001447643557986167,True
2020-11-16,source_medium,google / organic,1,6217,376,0.06047933086697764,True
2020-11-16,source_medium,google / organic,14,6217,47,0.007559916358372205,True
2020-11-02,source_medium,google / organic,7,6472,91,0.014060568603213844,True
2020-11-02,source_medium,google / organic,30,6472,19,0.0029357231149567367,True
2020-11-02,source_medium,google / organic,1,6472,384,0.059332509270704575,True
2020-11-02,source_medium,google / organic,14,6472,48,0.007416563658838072,True
2020-11-23,source_medium,google / organic,14,6871,46,0.006694804249745306,True
2020-11-23,source_medium,google / organic,30,6871,2,0.00029107844564110026,True
2020-11-23,source_medium,google / organic,1,6871,375,0.0545772085577063,True
2020-11-23,source_medium,google / organic,7,6871,66,0.009605588706156309,True
2021-01-18,source_medium,google / organic,1,7068,316,0.04470854555744199,True
2021-01-18,source_medium,google / organic,7,7068,52,0.007357102433503113,True
2021-01-11,source_medium,google / organic,7,7428,49,0.006596661281637049,True
2021-01-11,source_medium,google / organic,14,7428,28,0.003769520732364028,True
2021-01-11,source_medium,google / organic,1,7428,270,0.036348949919224556,True
2020-11-30,source_medium,google / organic,14,7683,35,0.004555512169725368,True
2020-11-30,source_medium,google / organic,1,7683,395,0.05141220877261486,True
2020-11-30,source_medium,google / organic,7,7683,75,0.009761811792268645,True
2020-11-30,source_medium,google / organic,30,7683,5,0.0006507874528179097,True
2021-01-04,source_medium,google / organic,14,8082,19,0.0023509032417718388,True
2021-01-04,source_medium,google / organic,1,8082,276,0.03414996288047513,True
2021-01-04,source_medium,google / organic,7,8082,47,0.005815392229646128,True
2020-12-14,source_medium,google / organic,1,8578,384,0.04476567964560504,True
2020-12-14,source_medium,google / organic,14,8578,10,0.0011657729074376311,True
2020-12-14,source_medium,google / organic,30,8578,8,0.0009326183259501049,True
2020-12-14,source_medium,google / organic,7,8578,32,0.0037304733038004195,True
2020-12-07,source_medium,google / organic,30,9829,16,0.001627835995523451,True
2020-12-07,source_medium,google / organic,7,9829,60,0.006104384983212942,True
2020-12-07,source_medium,google / organic,14,9829,13,0.001322616746362804,True
2020-12-07,source_medium,google / organic,1,9829,437,0.04446027062773426,True
2020-10-26,device,mobile,14,945,5,0.005291005291005291,True
2020-10-26,device,mobile,1,945,53,0.056084656084656084,True
2020-10-26,device,mobile,7,945,9,0.009523809523809525,True
2020-10-26,device,mobile,30,945,3,0.0031746031746031746,True
2020-12-28,device,mobile,30,4679,6,0.0012823252831801668,True
2020-12-28,device,mobile,7,6448,26,0.004032258064516129,True
2020-12-28,device,mobile,14,6448,13,0.0020161290322580645,True
2020-12-28,device,mobile,1,6448,182,0.028225806451612902,True
2020-11-09,device,mobile,14,6472,50,0.0077255871446229914,True
2020-11-09,device,mobile,30,6472,18,0.002781211372064277,True
2020-11-09,device,mobile,1,6472,393,0.06072311495673671,True
2020-11-09,device,mobile,7,6472,101,0.015605686032138442,True
2021-01-25,device,mobile,1,6805,290,0.0426157237325496,True
2020-12-21,device,mobile,1,6957,230,0.03306022710938623,True
2020-12-21,device,mobile,14,6957,20,0.002874802357337933,True
2020-12-21,device,mobile,30,6957,6,0.0008624407072013799,True
2020-12-21,device,mobile,7,6957,28,0.004024723300273106,True
2020-11-16,device,mobile,7,7234,74,0.010229471938070224,True
2020-11-16,device,mobile,30,7234,19,0.0026264860381531654,True
2020-11-16,device,mobile,14,7234,60,0.008294166436273155,True
2020-11-16,device,mobile,1,7234,460,0.06358860934476085,True
2020-11-02,device,mobile,7,7700,112,0.014545454545454545,True
2020-11-02,device,mobile,30,7700,28,0.0036363636363636364,True
2020-11-02,device,mobile,1,7700,483,0.06272727272727273,True
2020-11-02,device,mobile,14,7700,67,0.008701298701298701,True
2020-11-23,device,mobile,7,7978,86,0.010779644021057909,True
2020-11-23,device,mobile,14,7978,34,0.004261719729255453,True
2020-11-23,device,mobile,30,7978,5,0.00062672348959639,True
2020-11-23,device,mobile,1,7978,446,0.055903735271998,True
2021-01-18,device,mobile,7,8156,57,0.006988719960765081,True
2021-01-18,device,mobile,1,8156,365,0.04475232957332025,True
2020-11-30,device,mobile,1,8633,487,0.056411444457314955,True
2020-11-30,device,mobile,7,8633,77,0.008919263292018998,True
2020-11-30,device,mobile,30,8633,8,0.0009266767056643114,True
2020-11-30,device,mobile,14,8633,47,0.005444225645777829,True
2021-01-11,device,mobile,14,8702,26,0.0029878188922086877,True
2021-01-11,device,mobile,7,8702,65,0.007469547230521719,True
2021-01-11,device,mobile,1,8702,341,0.03918639393242933,True
2021-01-04,device,mobile,1,9169,371,0.04046242774566474,True
2021-01-04,device,mobile,14,9169,24,0.002617515541498528,True
2021-01-04,device,mobile,7,9169,34,0.0037081470171229144,True
2020-12-14,device,mobile,14,9862,16,0.0016223889677550193,True
2020-12-14,device,mobile,1,9862,429,0.04350030419793145,True
2020-12-14,device,mobile,7,9862,50,0.0050699655242344354,True
2020-12-14,device,mobile,30,9862,10,0.001013993104846887,True
2020-12-07,device,mobile,30,11229,13,0.0011577166265918605,True
2020-12-07,device,mobile,7,11229,75,0.0066791343841838095,True
2020-12-07,device,mobile,14,11229,14,0.001246771751714311,True
2020-12-07,device,mobile,1,11229,492,0.04381512156024579,True
2020-10-26,first_session_behavior,neither,1,2350,123,0.0523404255319149,True
2020-10-26,first_session_behavior,neither,14,2350,15,0.006382978723404255,True
2020-10-26,first_session_behavior,neither,7,2350,20,0.00851063829787234,True
2020-10-26,first_session_behavior,neither,30,2350,5,0.002127659574468085,True
2020-12-28,first_session_behavior,neither,30,11646,10,0.000858663918942126,True
2020-11-09,first_session_behavior,neither,1,16018,933,0.058246972156324135,True
2020-11-09,first_session_behavior,neither,7,16018,252,0.015732301161193656,True
2020-11-09,first_session_behavior,neither,30,16018,50,0.003121488325633662,True
2020-11-09,first_session_behavior,neither,14,16018,122,0.007616431514546136,True
2020-12-28,first_session_behavior,neither,14,16185,22,0.0013592832869941303,True
2020-12-28,first_session_behavior,neither,1,16185,426,0.026320667284522706,True
2020-12-28,first_session_behavior,neither,7,16185,57,0.0035217794253938834,True
2021-01-25,first_session_behavior,neither,1,16649,626,0.03759985584719803,True
2020-12-21,first_session_behavior,neither,1,16827,489,0.0290604385808522,True
2020-12-21,first_session_behavior,neither,14,16827,36,0.002139418791228383,True
2020-12-21,first_session_behavior,neither,30,16827,15,0.0008914244963451596,True
2020-12-21,first_session_behavior,neither,7,16827,65,0.003862839484162358,True
2020-11-16,first_session_behavior,neither,7,17627,177,0.01004141374028479,True
2020-11-16,first_session_behavior,neither,14,17627,122,0.006921200431156748,True
2020-11-16,first_session_behavior,neither,30,17627,41,0.0023259771940772676,True
2020-11-16,first_session_behavior,neither,1,17627,1070,0.06070233165030919,True
2020-11-23,first_session_behavior,neither,14,19014,84,0.004417797412432944,True
2020-11-23,first_session_behavior,neither,1,19014,955,0.050226149153255496,True
2020-11-23,first_session_behavior,neither,7,19014,177,0.009308930261912275,True
2020-11-23,first_session_behavior,neither,30,19014,12,0.0006311139160618492,True
2020-11-02,first_session_behavior,neither,7,19170,260,0.013562858633281168,True
2020-11-02,first_session_behavior,neither,1,19170,1125,0.05868544600938967,True
2020-11-02,first_session_behavior,neither,30,19170,70,0.0036515388628064684,True
2020-11-02,first_session_behavior,neither,14,19170,149,0.007772561293688055,True
2021-01-18,first_session_behavior,neither,7,19970,128,0.006409614421632449,True
2021-01-18,first_session_behavior,neither,1,19970,805,0.04031046569854782,True
2020-11-30,first_session_behavior,neither,1,20213,1004,0.04967100380942958,True
2020-11-30,first_session_behavior,neither,30,20213,14,0.0006926235590956315,True
2020-11-30,first_session_behavior,neither,14,20213,109,0.005392569138673131,True
2020-11-30,first_session_behavior,neither,7,20213,178,0.008806213822787316,True
2021-01-11,first_session_behavior,neither,1,20747,702,0.033836217284426665,True
2021-01-11,first_session_behavior,neither,14,20747,62,0.0029883838627271413,True
2021-01-11,first_session_behavior,neither,7,20747,129,0.00621776642406131,True
2021-01-04,first_session_behavior,neither,14,22275,51,0.0022895622895622897,True
2021-01-04,first_session_behavior,neither,1,22275,763,0.03425364758698092,True
2021-01-04,first_session_behavior,neither,7,22275,91,0.004085297418630752,True
2020-12-14,first_session_behavior,neither,30,23586,27,0.0011447468837445943,True
2020-12-14,first_session_behavior,neither,1,23586,839,0.03557194946154498,True
2020-12-14,first_session_behavior,neither,14,23586,33,0.0013991350801322818,True
2020-12-14,first_session_behavior,neither,7,23586,80,0.0033918426185025013,True
2020-12-07,first_session_behavior,neither,7,26781,166,0.0061984242560023895,True
2020-12-07,first_session_behavior,neither,1,26781,1033,0.038572122026810055,True
2020-12-07,first_session_behavior,neither,14,26781,39,0.0014562563011089951,True
2020-12-07,first_session_behavior,neither,30,26781,44,0.0016429558268921997,True
2020-10-26,first_session_behavior,purchase,14,10,0,0.0,False
2020-10-26,first_session_behavior,purchase,30,10,0,0.0,False
2020-10-26,first_session_behavior,purchase,1,10,1,0.1,False
2020-10-26,first_session_behavior,purchase,7,10,0,0.0,False
2020-12-28,first_session_behavior,purchase,30,38,0,0.0,False
2020-12-28,first_session_behavior,purchase,14,53,2,0.03773584905660377,False
2020-12-28,first_session_behavior,purchase,1,53,4,0.07547169811320754,False
2020-12-28,first_session_behavior,purchase,7,53,1,0.018867924528301886,False
2021-01-04,first_session_behavior,purchase,7,80,2,0.025,False
2021-01-04,first_session_behavior,purchase,1,80,14,0.175,False
2021-01-04,first_session_behavior,purchase,14,80,2,0.025,False
2020-12-21,first_session_behavior,purchase,30,88,0,0.0,False
2020-12-21,first_session_behavior,purchase,1,88,14,0.1590909090909091,False
2020-12-21,first_session_behavior,purchase,14,88,1,0.011363636363636364,False
2020-12-21,first_session_behavior,purchase,7,88,2,0.022727272727272728,False
2021-01-25,first_session_behavior,purchase,1,94,15,0.1595744680851064,False
2021-01-11,first_session_behavior,purchase,7,96,2,0.020833333333333332,False
2021-01-11,first_session_behavior,purchase,1,96,14,0.14583333333333334,False
2021-01-11,first_session_behavior,purchase,14,96,1,0.010416666666666666,False
2021-01-18,first_session_behavior,purchase,7,142,5,0.035211267605633804,True
2021-01-18,first_session_behavior,purchase,1,142,8,0.056338028169014086,True
2020-11-02,first_session_behavior,purchase,14,148,4,0.02702702702702703,True
2020-11-02,first_session_behavior,purchase,30,148,3,0.02027027027027027,True
2020-11-02,first_session_behavior,purchase,1,148,24,0.16216216216216217,True
2020-11-02,first_session_behavior,purchase,7,148,8,0.05405405405405406,True
2020-11-09,first_session_behavior,purchase,14,172,3,0.01744186046511628,True
2020-11-09,first_session_behavior,purchase,7,172,5,0.029069767441860465,True
2020-11-09,first_session_behavior,purchase,30,172,2,0.011627906976744186,True
2020-11-09,first_session_behavior,purchase,1,172,20,0.11627906976744186,True
2020-11-16,first_session_behavior,purchase,7,174,3,0.017241379310344827,True
2020-11-16,first_session_behavior,purchase,30,174,2,0.011494252873563218,True
2020-11-16,first_session_behavior,purchase,1,174,23,0.13218390804597702,True
2020-11-16,first_session_behavior,purchase,14,174,3,0.017241379310344827,True
2020-12-14,first_session_behavior,purchase,14,198,2,0.010101010101010102,True
2020-12-14,first_session_behavior,purchase,30,198,1,0.005050505050505051,True
2020-12-14,first_session_behavior,purchase,7,198,5,0.025252525252525252,True
2020-12-14,first_session_behavior,purchase,1,198,25,0.12626262626262627,True
2020-11-23,first_session_behavior,purchase,14,250,6,0.024,True
2020-11-23,first_session_behavior,purchase,1,250,22,0.088,True
2020-11-23,first_session_behavior,purchase,7,250,14,0.056,True
2020-11-23,first_session_behavior,purchase,30,250,0,0.0,True
2020-11-30,first_session_behavior,purchase,14,257,3,0.011673151750972763,True
2020-11-30,first_session_behavior,purchase,7,257,11,0.042801556420233464,True
2020-11-30,first_session_behavior,purchase,30,257,2,0.007782101167315175,True
2020-11-30,first_session_behavior,purchase,1,257,21,0.08171206225680934,True
2020-12-07,first_session_behavior,purchase,1,289,36,0.1245674740484429,True
2020-12-07,first_session_behavior,purchase,14,289,2,0.006920415224913495,True
2020-12-07,first_session_behavior,purchase,7,289,8,0.02768166089965398,True
2020-12-07,first_session_behavior,purchase,30,289,1,0.0034602076124567475,True
2020-10-26,source_medium,shop.googlemerchandisestore.com / referral,7,174,3,0.017241379310344827,True
2020-10-26,source_medium,shop.googlemerchandisestore.com / referral,30,174,1,0.005747126436781609,True
2020-10-26,source_medium,shop.googlemerchandisestore.com / referral,1,174,13,0.07471264367816093,True
2020-10-26,source_medium,shop.googlemerchandisestore.com / referral,14,174,2,0.011494252873563218,True
2020-12-28,source_medium,shop.googlemerchandisestore.com / referral,30,632,3,0.004746835443037975,True
2020-12-28,source_medium,shop.googlemerchandisestore.com / referral,14,829,1,0.0012062726176115801,True
2020-12-28,source_medium,shop.googlemerchandisestore.com / referral,7,829,1,0.0012062726176115801,True
2020-12-28,source_medium,shop.googlemerchandisestore.com / referral,1,829,30,0.03618817852834741,True
2020-12-21,source_medium,shop.googlemerchandisestore.com / referral,14,879,3,0.0034129692832764505,True
2020-12-21,source_medium,shop.googlemerchandisestore.com / referral,1,879,27,0.030716723549488054,True
2020-12-21,source_medium,shop.googlemerchandisestore.com / referral,7,879,7,0.007963594994311717,True
2020-12-21,source_medium,shop.googlemerchandisestore.com / referral,30,879,1,0.0011376564277588168,True
2021-01-25,source_medium,shop.googlemerchandisestore.com / referral,1,942,39,0.041401273885350316,True
2020-11-09,source_medium,shop.googlemerchandisestore.com / referral,1,974,71,0.0728952772073922,True
2020-11-09,source_medium,shop.googlemerchandisestore.com / referral,7,974,11,0.011293634496919919,True
2020-11-09,source_medium,shop.googlemerchandisestore.com / referral,14,974,14,0.014373716632443531,True
2020-11-09,source_medium,shop.googlemerchandisestore.com / referral,30,974,5,0.00513347022587269,True
2020-11-16,source_medium,shop.googlemerchandisestore.com / referral,7,1062,14,0.013182674199623353,True
2020-11-16,source_medium,shop.googlemerchandisestore.com / referral,14,1062,10,0.009416195856873822,True
2020-11-16,source_medium,shop.googlemerchandisestore.com / referral,30,1062,5,0.004708097928436911,True
2020-11-16,source_medium,shop.googlemerchandisestore.com / referral,1,1062,83,0.07815442561205273,True
2021-01-11,source_medium,shop.googlemerchandisestore.com / referral,7,1089,8,0.0073461891643709825,True
2021-01-11,source_medium,shop.googlemerchandisestore.com / referral,1,1089,53,0.048668503213957756,True
2021-01-11,source_medium,shop.googlemerchandisestore.com / referral,14,1089,2,0.0018365472910927456,True
2020-11-23,source_medium,shop.googlemerchandisestore.com / referral,30,1093,2,0.0018298261665141812,True
2020-11-23,source_medium,shop.googlemerchandisestore.com / referral,14,1093,6,0.0054894784995425435,True
2020-11-23,source_medium,shop.googlemerchandisestore.com / referral,1,1093,65,0.059469350411710885,True
2020-11-23,source_medium,shop.googlemerchandisestore.com / referral,7,1093,14,0.012808783165599268,True
2021-01-18,source_medium,shop.googlemerchandisestore.com / referral,1,1106,50,0.045207956600361664,True
2021-01-18,source_medium,shop.googlemerchandisestore.com / referral,7,1106,11,0.009945750452079566,True
2021-01-04,source_medium,shop.googlemerchandisestore.com / referral,1,1156,58,0.050173010380622836,True
2021-01-04,source_medium,shop.googlemerchandisestore.com / referral,7,1156,3,0.0025951557093425604,True
2021-01-04,source_medium,shop.googlemerchandisestore.com / referral,14,1156,5,0.004325259515570935,True
2020-11-30,source_medium,shop.googlemerchandisestore.com / referral,30,1221,4,0.003276003276003276,True
2020-11-30,source_medium,shop.googlemerchandisestore.com / referral,1,1221,72,0.05896805896805897,True
2020-11-30,source_medium,shop.googlemerchandisestore.com / referral,14,1221,9,0.007371007371007371,True
2020-11-30,source_medium,shop.googlemerchandisestore.com / referral,7,1221,11,0.009009009009009009,True
2020-11-02,source_medium,shop.googlemerchandisestore.com / referral,14,1287,14,0.010878010878010878,True
2020-11-02,source_medium,shop.googlemerchandisestore.com / referral,1,1287,83,0.0644910644910645,True
2020-11-02,source_medium,shop.googlemerchandisestore.com / referral,7,1287,24,0.018648018648018648,True
2020-11-02,source_medium,shop.googlemerchandisestore.com / referral,30,1287,5,0.003885003885003885,True
2020-12-14,source_medium,shop.googlemerchandisestore.com / referral,14,1325,2,0.0015094339622641509,True
2020-12-14,source_medium,shop.googlemerchandisestore.com / referral,7,1325,4,0.0030188679245283017,True
2020-12-14,source_medium,shop.googlemerchandisestore.com / referral,1,1325,57,0.0430188679245283,True
2020-12-14,source_medium,shop.googlemerchandisestore.com / referral,30,1325,3,0.0022641509433962265,True
2020-12-07,source_medium,shop.googlemerchandisestore.com / referral,30,1503,1,0.0006653359946773121,True
2020-12-07,source_medium,shop.googlemerchandisestore.com / referral,1,1503,61,0.04058549567531603,True
2020-12-07,source_medium,shop.googlemerchandisestore.com / referral,7,1503,13,0.008649367930805056,True
2020-12-07,source_medium,shop.googlemerchandisestore.com / referral,14,1503,2,0.0013306719893546241,True
2020-10-26,device,tablet,7,47,1,0.02127659574468085,False
2020-10-26,device,tablet,1,47,4,0.0851063829787234,False
2020-10-26,device,tablet,30,47,0,0.0,False
2020-10-26,device,tablet,14,47,1,0.02127659574468085,False
2020-12-28,device,tablet,30,295,0,0.0,True
2020-11-09,device,tablet,1,372,21,0.056451612903225805,True
2020-11-09,device,tablet,14,372,3,0.008064516129032258,True
2020-11-09,device,tablet,7,372,6,0.016129032258064516,True
2020-11-09,device,tablet,30,372,0,0.0,True
2021-01-25,device,tablet,1,392,15,0.03826530612244898,True
2020-12-28,device,tablet,1,397,13,0.0327455919395466,True
2020-12-28,device,tablet,14,397,2,0.005037783375314861,True
2020-12-28,device,tablet,7,397,0,0.0,True
2020-11-16,device,tablet,1,399,28,0.07017543859649122,True
2020-12-21,device,tablet,7,399,0,0.0,True
2020-12-21,device,tablet,1,399,12,0.03007518796992481,True
2020-11-16,device,tablet,7,399,3,0.007518796992481203,True
2020-11-16,device,tablet,14,399,2,0.005012531328320802,True
2020-11-16,device,tablet,30,399,2,0.005012531328320802,True
2020-12-21,device,tablet,14,399,1,0.002506265664160401,True
2020-12-21,device,tablet,30,399,0,0.0,True
2020-11-23,device,tablet,1,432,21,0.04861111111111111,True
2020-11-23,device,tablet,14,432,1,0.0023148148148148147,True
2020-11-23,device,tablet,30,432,0,0.0,True
2020-11-23,device,tablet,7,432,4,0.009259259259259259,True
2020-11-02,device,tablet,30,441,2,0.0045351473922902496,True
2020-11-02,device,tablet,1,441,32,0.07256235827664399,True
2020-11-02,device,tablet,14,441,3,0.006802721088435374,True
2020-11-02,device,tablet,7,441,2,0.0045351473922902496,True
2021-01-18,device,tablet,7,461,1,0.0021691973969631237,True
2021-01-18,device,tablet,1,461,23,0.049891540130151846,True
2021-01-11,device,tablet,1,475,22,0.04631578947368421,True
2021-01-11,device,tablet,14,475,2,0.004210526315789474,True
2021-01-11,device,tablet,7,475,5,0.010526315789473684,True
2020-11-30,device,tablet,1,507,30,0.05917159763313609,True
2020-11-30,device,tablet,7,507,5,0.009861932938856016,True
2020-11-30,device,tablet,14,507,3,0.005917159763313609,True
2020-11-30,device,tablet,30,507,1,0.0019723865877712033,True
2021-01-04,device,tablet,1,533,16,0.0300187617260788,True
2021-01-04,device,tablet,7,533,5,0.009380863039399626,True
2021-01-04,device,tablet,14,533,0,0.0,True
2020-12-14,device,tablet,14,539,0,0.0,True
2020-12-14,device,tablet,7,539,1,0.0018552875695732839,True
2020-12-14,device,tablet,1,539,17,0.03153988868274583,True
2020-12-14,device,tablet,30,539,0,0.0,True
2020-12-07,device,tablet,14,619,1,0.0016155088852988692,True
2020-12-07,device,tablet,7,619,4,0.006462035541195477,True
2020-12-07,device,tablet,30,619,1,0.0016155088852988692,True
2020-12-07,device,tablet,1,619,33,0.05331179321486268,True
